{
  "areas": [
    { "id": "us-tx-anderson-county", "name": "Anderson County", "state": "tx", "type": "county" },
    { "id": "us-tx-andrews-county", "name": "Andrews County", "state": "tx", "type": "county" },
    { "id": "us-tx-angelina-county", "name": "Angelina County", "state": "tx", "type": "county" },
    { "id": "us-tx-aransas-county", "name": "Aransas County", "state": "tx", "type": "county" },
    { "id": "us-tx-archer-county", "name": "Archer County", "state": "tx", "type": "county" },
    { "id": "us-tx-armstrong-county", "name": "Armstrong County", "state": "tx", "type": "county" },
    { "id": "us-tx-atascosa-county", "name": "Atascosa County", "state": "tx", "type": "county" },
    { "id": "us-tx-austin-county", "name": "Austin County", "state": "tx", "type": "county" },
    { "id": "us-tx-bailey-county", "name": "Bailey County", "state": "tx", "type": "county" },
    { "id": "us-tx-bandera-county", "name": "Bandera County", "state": "tx", "type": "county" },
    { "id": "us-tx-bastrop-county", "name": "Bastrop County", "state": "tx", "type": "county" },
    { "id": "us-tx-baylor-county", "name": "Baylor County", "state": "tx", "type": "county" },
    { "id": "us-tx-bee-county", "name": "Bee County", "state": "tx", "type": "county" },
    { "id": "us-tx-bell-county", "name": "Bell County", "state": "tx", "type": "county" },
    { "id": "us-tx-bexar-county", "name": "Bexar County", "state": "tx", "type": "county" },
    { "id": "us-tx-blanco-county", "name": "Blanco County", "state": "tx", "type": "county" },
    { "id": "us-tx-borden-county", "name": "Borden County", "state": "tx", "type": "county" },
    { "id": "us-tx-bosque-county", "name": "Bosque County", "state": "tx", "type": "county" },
    { "id": "us-tx-bowie-county", "name": "Bowie County", "state": "tx", "type": "county" },
    { "id": "us-tx-brazoria-county", "name": "Brazoria County", "state": "tx", "type": "county" },
    { "id": "us-tx-brazos-county", "name": "Brazos County", "state": "tx", "type": "county" },
    { "id": "us-tx-brewster-county", "name": "Brewster County", "state": "tx", "type": "county" },
    { "id": "us-tx-briscoe-county", "name": "Briscoe County", "state": "tx", "type": "county" },
    { "id": "us-tx-brooks-county", "name": "Brooks County", "state": "tx", "type": "county" },
    { "id": "us-tx-brown-county", "name": "Brown County", "state": "tx", "type": "county" },
    { "id": "us-tx-burleson-county", "name": "Burleson County", "state": "tx", "type": "county" },
    { "id": "us-tx-burnet-county", "name": "Burnet County", "state": "tx", "type": "county" },
    { "id": "us-tx-caldwell-county", "name": "Caldwell County", "state": "tx", "type": "county" },
    { "id": "us-tx-calhoun-county", "name": "Calhoun County", "state": "tx", "type": "county" },
    { "id": "us-tx-callahan-county", "name": "Callahan County", "state": "tx", "type": "county" },
    { "id": "us-tx-cameron-county", "name": "Cameron County", "state": "tx", "type": "county" },
    { "id": "us-tx-camp-county", "name": "Camp County", "state": "tx", "type": "county" },
    { "id": "us-tx-carson-county", "name": "Carson County", "state": "tx", "type": "county" },
    { "id": "us-tx-cass-county", "name": "Cass County", "state": "tx", "type": "county" },
    { "id": "us-tx-castro-county", "name": "Castro County", "state": "tx", "type": "county" },
    { "id": "us-tx-chambers-county", "name": "Chambers County", "state": "tx", "type": "county" },
    { "id": "us-tx-cherokee-county", "name": "Cherokee County", "state": "tx", "type": "county" },
    { "id": "us-tx-childress-county", "name": "Childress County", "state": "tx", "type": "county" },
    { "id": "us-tx-clay-county", "name": "Clay County", "state": "tx", "type": "county" },
    { "id": "us-tx-cochran-county", "name": "Cochran County", "state": "tx", "type": "county" },
    { "id": "us-tx-coke-county", "name": "Coke County", "state": "tx", "type": "county" },
    { "id": "us-tx-coleman-county", "name": "Coleman County", "state": "tx", "type": "county" },
    { "id": "us-tx-collin-county", "name": "Collin County", "state": "tx", "type": "county" },
    { "id": "us-tx-collingsworth-county", "name": "Collingsworth County", "state": "tx", "type": "county" },
    { "id": "us-tx-colorado-county", "name": "Colorado County", "state": "tx", "type": "county" },
    { "id": "us-tx-comal-county", "name": "Comal County", "state": "tx", "type": "county" },
    { "id": "us-tx-comanche-county", "name": "Comanche County", "state": "tx", "type": "county" },
    { "id": "us-tx-concho-county", "name": "Concho County", "state": "tx", "type": "county" },
    { "id": "us-tx-cooke-county", "name": "Cooke County", "state": "tx", "type": "county" },
    { "id": "us-tx-coryell-county", "name": "Coryell County", "state": "tx", "type": "county" },
    { "id": "us-tx-cottle-county", "name": "Cottle County", "state": "tx", "type": "county" },
    { "id": "us-tx-crane-county", "name": "Crane County", "state": "tx", "type": "county" },
    { "id": "us-tx-crockett-county", "name": "Crockett County", "state": "tx", "type": "county" },
    { "id": "us-tx-crosby-county", "name": "Crosby County", "state": "tx", "type": "county" },
    { "id": "us-tx-culberson-county", "name": "Culberson County", "state": "tx", "type": "county" },
    { "id": "us-tx-dallam-county", "name": "Dallam County", "state": "tx", "type": "county" },
    { "id": "us-tx-dallas-county", "name": "Dallas County", "state": "tx", "type": "county" },
    { "id": "us-tx-dawson-county", "name": "Dawson County", "state": "tx", "type": "county" },
    { "id": "us-tx-deaf-smith-county", "name": "Deaf Smith County", "state": "tx", "type": "county" },
    { "id": "us-tx-delta-county", "name": "Delta County", "state": "tx", "type": "county" },
    { "id": "us-tx-denton-county", "name": "Denton County", "state": "tx", "type": "county" },
    { "id": "us-tx-dewitt-county", "name": "DeWitt County", "state": "tx", "type": "county" },
    { "id": "us-tx-dickens-county", "name": "Dickens County", "state": "tx", "type": "county" },
    { "id": "us-tx-dimmit-county", "name": "Dimmit County", "state": "tx", "type": "county" },
    { "id": "us-tx-donley-county", "name": "Donley County", "state": "tx", "type": "county" },
    { "id": "us-tx-duval-county", "name": "Duval County", "state": "tx", "type": "county" },
    { "id": "us-tx-eastland-county", "name": "Eastland County", "state": "tx", "type": "county" },
    { "id": "us-tx-ector-county", "name": "Ector County", "state": "tx", "type": "county" },
    { "id": "us-tx-edwards-county", "name": "Edwards County", "state": "tx", "type": "county" },
    { "id": "us-tx-ellis-county", "name": "Ellis County", "state": "tx", "type": "county" },
    { "id": "us-tx-el-paso-county", "name": "El Paso County", "state": "tx", "type": "county" },
    { "id": "us-tx-erath-county", "name": "Erath County", "state": "tx", "type": "county" },
    { "id": "us-tx-falls-county", "name": "Falls County", "state": "tx", "type": "county" },
    { "id": "us-tx-fannin-county", "name": "Fannin County", "state": "tx", "type": "county" },
    { "id": "us-tx-fayette-county", "name": "Fayette County", "state": "tx", "type": "county" },
    { "id": "us-tx-fisher-county", "name": "Fisher County", "state": "tx", "type": "county" },
    { "id": "us-tx-floyd-county", "name": "Floyd County", "state": "tx", "type": "county" },
    { "id": "us-tx-foard-county", "name": "Foard County", "state": "tx", "type": "county" },
    { "id": "us-tx-fort-bend-county", "name": "Fort Bend County", "state": "tx", "type": "county" },
    { "id": "us-tx-franklin-county", "name": "Franklin County", "state": "tx", "type": "county" },
    { "id": "us-tx-freestone-county", "name": "Freestone County", "state": "tx", "type": "county" },
    { "id": "us-tx-frio-county", "name": "Frio County", "state": "tx", "type": "county" },
    { "id": "us-tx-gaines-county", "name": "Gaines County", "state": "tx", "type": "county" },
    { "id": "us-tx-galveston-county", "name": "Galveston County", "state": "tx", "type": "county" },
    { "id": "us-tx-garza-county", "name": "Garza County", "state": "tx", "type": "county" },
    { "id": "us-tx-gillespie-county", "name": "Gillespie County", "state": "tx", "type": "county" },
    { "id": "us-tx-glasscock-county", "name": "Glasscock County", "state": "tx", "type": "county" },
    { "id": "us-tx-goliad-county", "name": "Goliad County", "state": "tx", "type": "county" },
    { "id": "us-tx-gonzales-county", "name": "Gonzales County", "state": "tx", "type": "county" },
    { "id": "us-tx-gray-county", "name": "Gray County", "state": "tx", "type": "county" },
    { "id": "us-tx-grayson-county", "name": "Grayson County", "state": "tx", "type": "county" },
    { "id": "us-tx-gregg-county", "name": "Gregg County", "state": "tx", "type": "county" },
    { "id": "us-tx-grimes-county", "name": "Grimes County", "state": "tx", "type": "county" },
    { "id": "us-tx-guadalupe-county", "name": "Guadalupe County", "state": "tx", "type": "county" },
    { "id": "us-tx-hale-county", "name": "Hale County", "state": "tx", "type": "county" },
    { "id": "us-tx-hall-county", "name": "Hall County", "state": "tx", "type": "county" },
    { "id": "us-tx-hamilton-county", "name": "Hamilton County", "state": "tx", "type": "county" },
    { "id": "us-tx-hansford-county", "name": "Hansford County", "state": "tx", "type": "county" },
    { "id": "us-tx-hardeman-county", "name": "Hardeman County", "state": "tx", "type": "county" },
    { "id": "us-tx-hardin-county", "name": "Hardin County", "state": "tx", "type": "county" },
    { "id": "us-tx-harris-county", "name": "Harris County", "state": "tx", "type": "county" },
    { "id": "us-tx-harrison-county", "name": "Harrison County", "state": "tx", "type": "county" },
    { "id": "us-tx-hartley-county", "name": "Hartley County", "state": "tx", "type": "county" },
    { "id": "us-tx-haskell-county", "name": "Haskell County", "state": "tx", "type": "county" },
    { "id": "us-tx-hays-county", "name": "Hays County", "state": "tx", "type": "county" },
    { "id": "us-tx-hemphill-county", "name": "Hemphill County", "state": "tx", "type": "county" },
    { "id": "us-tx-henderson-county", "name": "Henderson County", "state": "tx", "type": "county" },
    { "id": "us-tx-hidalgo-county", "name": "Hidalgo County", "state": "tx", "type": "county" },
    { "id": "us-tx-hill-county", "name": "Hill County", "state": "tx", "type": "county" },
    { "id": "us-tx-hockley-county", "name": "Hockley County", "state": "tx", "type": "county" },
    { "id": "us-tx-hood-county", "name": "Hood County", "state": "tx", "type": "county" },
    { "id": "us-tx-hopkins-county", "name": "Hopkins County", "state": "tx", "type": "county" },
    { "id": "us-tx-houston-county", "name": "Houston County", "state": "tx", "type": "county" },
    { "id": "us-tx-howard-county", "name": "Howard County", "state": "tx", "type": "county" },
    { "id": "us-tx-hudspeth-county", "name": "Hudspeth County", "state": "tx", "type": "county" },
    { "id": "us-tx-hunt-county", "name": "Hunt County", "state": "tx", "type": "county" },
    { "id": "us-tx-hutchinson-county", "name": "Hutchinson County", "state": "tx", "type": "county" },
    { "id": "us-tx-irion-county", "name": "Irion County", "state": "tx", "type": "county" },
    { "id": "us-tx-jack-county", "name": "Jack County", "state": "tx", "type": "county" },
    { "id": "us-tx-jackson-county", "name": "Jackson County", "state": "tx", "type": "county" },
    { "id": "us-tx-jasper-county", "name": "Jasper County", "state": "tx", "type": "county" },
    { "id": "us-tx-jeff-davis-county", "name": "Jeff Davis County", "state": "tx", "type": "county" },
    { "id": "us-tx-jefferson-county", "name": "Jefferson County", "state": "tx", "type": "county" },
    { "id": "us-tx-jim-hogg-county", "name": "Jim Hogg County", "state": "tx", "type": "county" },
    { "id": "us-tx-jim-wells-county", "name": "Jim Wells County", "state": "tx", "type": "county" },
    { "id": "us-tx-johnson-county", "name": "Johnson County", "state": "tx", "type": "county" },
    { "id": "us-tx-jones-county", "name": "Jones County", "state": "tx", "type": "county" },
    { "id": "us-tx-karnes-county", "name": "Karnes County", "state": "tx", "type": "county" },
    { "id": "us-tx-kaufman-county", "name": "Kaufman County", "state": "tx", "type": "county" },
    { "id": "us-tx-kendall-county", "name": "Kendall County", "state": "tx", "type": "county" },
    { "id": "us-tx-kenedy-county", "name": "Kenedy County", "state": "tx", "type": "county" },
    { "id": "us-tx-kent-county", "name": "Kent County", "state": "tx", "type": "county" },
    { "id": "us-tx-kerr-county", "name": "Kerr County", "state": "tx", "type": "county" },
    { "id": "us-tx-kimble-county", "name": "Kimble County", "state": "tx", "type": "county" },
    { "id": "us-tx-king-county", "name": "King County", "state": "tx", "type": "county" },
    { "id": "us-tx-kinney-county", "name": "Kinney County", "state": "tx", "type": "county" },
    { "id": "us-tx-kleberg-county", "name": "Kleberg County", "state": "tx", "type": "county" },
    { "id": "us-tx-knox-county", "name": "Knox County", "state": "tx", "type": "county" },
    { "id": "us-tx-lamar-county", "name": "Lamar County", "state": "tx", "type": "county" },
    { "id": "us-tx-lamb-county", "name": "Lamb County", "state": "tx", "type": "county" },
    { "id": "us-tx-lampasas-county", "name": "Lampasas County", "state": "tx", "type": "county" },
    { "id": "us-tx-la-salle-county", "name": "La Salle County", "state": "tx", "type": "county" },
    { "id": "us-tx-lavaca-county", "name": "Lavaca County", "state": "tx", "type": "county" },
    { "id": "us-tx-lee-county", "name": "Lee County", "state": "tx", "type": "county" },
    { "id": "us-tx-leon-county", "name": "Leon County", "state": "tx", "type": "county" },
    { "id": "us-tx-liberty-county", "name": "Liberty County", "state": "tx", "type": "county" },
    { "id": "us-tx-limestone-county", "name": "Limestone County", "state": "tx", "type": "county" },
    { "id": "us-tx-lipscomb-county", "name": "Lipscomb County", "state": "tx", "type": "county" },
    { "id": "us-tx-live-oak-county", "name": "Live Oak County", "state": "tx", "type": "county" },
    { "id": "us-tx-llano-county", "name": "Llano County", "state": "tx", "type": "county" },
    { "id": "us-tx-loving-county", "name": "Loving County", "state": "tx", "type": "county" },
    { "id": "us-tx-lubbock-county", "name": "Lubbock County", "state": "tx", "type": "county" },
    { "id": "us-tx-lynn-county", "name": "Lynn County", "state": "tx", "type": "county" },
    { "id": "us-tx-mcculloch-county", "name": "McCulloch County", "state": "tx", "type": "county" },
    { "id": "us-tx-mclennan-county", "name": "McLennan County", "state": "tx", "type": "county" },
    { "id": "us-tx-mcmullen-county", "name": "McMullen County", "state": "tx", "type": "county" },
    { "id": "us-tx-madison-county", "name": "Madison County", "state": "tx", "type": "county" },
    { "id": "us-tx-marion-county", "name": "Marion County", "state": "tx", "type": "county" },
    { "id": "us-tx-martin-county", "name": "Martin County", "state": "tx", "type": "county" },
    { "id": "us-tx-mason-county", "name": "Mason County", "state": "tx", "type": "county" },
    { "id": "us-tx-matagorda-county", "name": "Matagorda County", "state": "tx", "type": "county" },
    { "id": "us-tx-maverick-county", "name": "Maverick County", "state": "tx", "type": "county" },
    { "id": "us-tx-medina-county", "name": "Medina County", "state": "tx", "type": "county" },
    { "id": "us-tx-menard-county", "name": "Menard County", "state": "tx", "type": "county" },
    { "id": "us-tx-midland-county", "name": "Midland County", "state": "tx", "type": "county" },
    { "id": "us-tx-milam-county", "name": "Milam County", "state": "tx", "type": "county" },
    { "id": "us-tx-mills-county", "name": "Mills County", "state": "tx", "type": "county" },
    { "id": "us-tx-mitchell-county", "name": "Mitchell County", "state": "tx", "type": "county" },
    { "id": "us-tx-montague-county", "name": "Montague County", "state": "tx", "type": "county" },
    { "id": "us-tx-montgomery-county", "name": "Montgomery County", "state": "tx", "type": "county" },
    { "id": "us-tx-moore-county", "name": "Moore County", "state": "tx", "type": "county" },
    { "id": "us-tx-morris-county", "name": "Morris County", "state": "tx", "type": "county" },
    { "id": "us-tx-motley-county", "name": "Motley County", "state": "tx", "type": "county" },
    { "id": "us-tx-nacogdoches-county", "name": "Nacogdoches County", "state": "tx", "type": "county" },
    { "id": "us-tx-navarro-county", "name": "Navarro County", "state": "tx", "type": "county" },
    { "id": "us-tx-newton-county", "name": "Newton County", "state": "tx", "type": "county" },
    { "id": "us-tx-nolan-county", "name": "Nolan County", "state": "tx", "type": "county" },
    { "id": "us-tx-nueces-county", "name": "Nueces County", "state": "tx", "type": "county" },
    { "id": "us-tx-ochiltree-county", "name": "Ochiltree County", "state": "tx", "type": "county" },
    { "id": "us-tx-oldham-county", "name": "Oldham County", "state": "tx", "type": "county" },
    { "id": "us-tx-orange-county", "name": "Orange County", "state": "tx", "type": "county" },
    { "id": "us-tx-palo-pinto-county", "name": "Palo Pinto County", "state": "tx", "type": "county" },
    { "id": "us-tx-panola-county", "name": "Panola County", "state": "tx", "type": "county" },
    { "id": "us-tx-parker-county", "name": "Parker County", "state": "tx", "type": "county" },
    { "id": "us-tx-parmer-county", "name": "Parmer County", "state": "tx", "type": "county" },
    { "id": "us-tx-pecos-county", "name": "Pecos County", "state": "tx", "type": "county" },
    { "id": "us-tx-polk-county", "name": "Polk County", "state": "tx", "type": "county" },
    { "id": "us-tx-potter-county", "name": "Potter County", "state": "tx", "type": "county" },
    { "id": "us-tx-presidio-county", "name": "Presidio County", "state": "tx", "type": "county" },
    { "id": "us-tx-rains-county", "name": "Rains County", "state": "tx", "type": "county" },
    { "id": "us-tx-randall-county", "name": "Randall County", "state": "tx", "type": "county" },
    { "id": "us-tx-reagan-county", "name": "Reagan County", "state": "tx", "type": "county" },
    { "id": "us-tx-real-county", "name": "Real County", "state": "tx", "type": "county" },
    { "id": "us-tx-red-river-county", "name": "Red River County", "state": "tx", "type": "county" },
    { "id": "us-tx-reeves-county", "name": "Reeves County", "state": "tx", "type": "county" },
    { "id": "us-tx-refugio-county", "name": "Refugio County", "state": "tx", "type": "county" },
    { "id": "us-tx-roberts-county", "name": "Roberts County", "state": "tx", "type": "county" },
    { "id": "us-tx-robertson-county", "name": "Robertson County", "state": "tx", "type": "county" },
    { "id": "us-tx-rockwall-county", "name": "Rockwall County", "state": "tx", "type": "county" },
    { "id": "us-tx-runnels-county", "name": "Runnels County", "state": "tx", "type": "county" },
    { "id": "us-tx-rusk-county", "name": "Rusk County", "state": "tx", "type": "county" },
    { "id": "us-tx-sabine-county", "name": "Sabine County", "state": "tx", "type": "county" },
    { "id": "us-tx-san-augustine-county", "name": "San Augustine County", "state": "tx", "type": "county" },
    { "id": "us-tx-san-jacinto-county", "name": "San Jacinto County", "state": "tx", "type": "county" },
    { "id": "us-tx-san-patricio-county", "name": "San Patricio County", "state": "tx", "type": "county" },
    { "id": "us-tx-san-saba-county", "name": "San Saba County", "state": "tx", "type": "county" },
    { "id": "us-tx-schleicher-county", "name": "Schleicher County", "state": "tx", "type": "county" },
    { "id": "us-tx-scurry-county", "name": "Scurry County", "state": "tx", "type": "county" },
    { "id": "us-tx-shackelford-county", "name": "Shackelford County", "state": "tx", "type": "county" },
    { "id": "us-tx-shelby-county", "name": "Shelby County", "state": "tx", "type": "county" },
    { "id": "us-tx-sherman-county", "name": "Sherman County", "state": "tx", "type": "county" },
    { "id": "us-tx-smith-county", "name": "Smith County", "state": "tx", "type": "county" },
    { "id": "us-tx-somervell-county", "name": "Somervell County", "state": "tx", "type": "county" },
    { "id": "us-tx-starr-county", "name": "Starr County", "state": "tx", "type": "county" },
    { "id": "us-tx-stephens-county", "name": "Stephens County", "state": "tx", "type": "county" },
    { "id": "us-tx-sterling-county", "name": "Sterling County", "state": "tx", "type": "county" },
    { "id": "us-tx-stonewall-county", "name": "Stonewall County", "state": "tx", "type": "county" },
    { "id": "us-tx-sutton-county", "name": "Sutton County", "state": "tx", "type": "county" },
    { "id": "us-tx-swisher-county", "name": "Swisher County", "state": "tx", "type": "county" },
    { "id": "us-tx-tarrant-county", "name": "Tarrant County", "state": "tx", "type": "county" },
    { "id": "us-tx-taylor-county", "name": "Taylor County", "state": "tx", "type": "county" },
    { "id": "us-tx-terrell-county", "name": "Terrell County", "state": "tx", "type": "county" },
    { "id": "us-tx-terry-county", "name": "Terry County", "state": "tx", "type": "county" },
    { "id": "us-tx-throckmorton-county", "name": "Throckmorton County", "state": "tx", "type": "county" },
    { "id": "us-tx-titus-county", "name": "Titus County", "state": "tx", "type": "county" },
    { "id": "us-tx-tom-green-county", "name": "Tom Green County", "state": "tx", "type": "county" },
    { "id": "us-tx-travis-county", "name": "Travis County", "state": "tx", "type": "county" },
    { "id": "us-tx-trinity-county", "name": "Trinity County", "state": "tx", "type": "county" },
    { "id": "us-tx-tyler-county", "name": "Tyler County", "state": "tx", "type": "county" },
    { "id": "us-tx-upshur-county", "name": "Upshur County", "state": "tx", "type": "county" },
    { "id": "us-tx-upton-county", "name": "Upton County", "state": "tx", "type": "county" },
    { "id": "us-tx-uvalde-county", "name": "Uvalde County", "state": "tx", "type": "county" },
    { "id": "us-tx-val-verde-county", "name": "Val Verde County", "state": "tx", "type": "county" },
    { "id": "us-tx-van-zandt-county", "name": "Van Zandt County", "state": "tx", "type": "county" },
    { "id": "us-tx-victoria-county", "name": "Victoria County", "state": "tx", "type": "county" },
    { "id": "us-tx-walker-county", "name": "Walker County", "state": "tx", "type": "county" },
    { "id": "us-tx-waller-county", "name": "Waller County", "state": "tx", "type": "county" },
    { "id": "us-tx-ward-county", "name": "Ward County", "state": "tx", "type": "county" },
    { "id": "us-tx-washington-county", "name": "Washington County", "state": "tx", "type": "county" },
    { "id": "us-tx-webb-county", "name": "Webb County", "state": "tx", "type": "county" },
    { "id": "us-tx-wharton-county", "name": "Wharton County", "state": "tx", "type": "county" },
    { "id": "us-tx-wheeler-county", "name": "Wheeler County", "state": "tx", "type": "county" },
    { "id": "us-tx-wichita-county", "name": "Wichita County", "state": "tx", "type": "county" },
    { "id": "us-tx-wilbarger-county", "name": "Wilbarger County", "state": "tx", "type": "county" },
    { "id": "us-tx-willacy-county", "name": "Willacy County", "state": "tx", "type": "county" },
    { "id": "us-tx-williamson-county", "name": "Williamson County", "state": "tx", "type": "county" },
    { "id": "us-tx-wilson-county", "name": "Wilson County", "state": "tx", "type": "county" },
    { "id": "us-tx-winkler-county", "name": "Winkler County", "state": "tx", "type": "county" },
    { "id": "us-tx-wise-county", "name": "Wise County", "state": "tx", "type": "county" },
    { "id": "us-tx-wood-county", "name": "Wood County", "state": "tx", "type": "county" },
    { "id": "us-tx-yoakum-county", "name": "Yoakum County", "state": "tx", "type": "county" },
    { "id": "us-tx-young-county", "name": "Young County", "state": "tx", "type": "county" },
    { "id": "us-tx-zapata-county", "name": "Zapata County", "state": "tx", "type": "county" },
    { "id": "us-tx-zavala-county", "name": "Zavala County", "state": "tx", "type": "county" }
  ]
}