{
  "areas": [
    { "id": "us-oh-adams-county", "name": "Adams County", "state": "oh", "type": "county" },
    { "id": "us-oh-allen-county", "name": "Allen County", "state": "oh", "type": "county" },
    { "id": "us-oh-ashland-county", "name": "Ashland County", "state": "oh", "type": "county" },
    { "id": "us-oh-ashtabula-county", "name": "Ashtabula County", "state": "oh", "type": "county" },
    { "id": "us-oh-athens-county", "name": "Athens County", "state": "oh", "type": "county" },
    { "id": "us-oh-auglaize-county", "name": "Auglaize County", "state": "oh", "type": "county" },
    { "id": "us-oh-belmont-county", "name": "Belmont County", "state": "oh", "type": "county" },
    { "id": "us-oh-brown-county", "name": "Brown County", "state": "oh", "type": "county" },
    { "id": "us-oh-butler-county", "name": "Butler County", "state": "oh", "type": "county" },
    { "id": "us-oh-carroll-county", "name": "Carroll County", "state": "oh", "type": "county" },
    { "id": "us-oh-champaign-county", "name": "Champaign County", "state": "oh", "type": "county" },
    { "id": "us-oh-clark-county", "name": "Clark County", "state": "oh", "type": "county" },
    { "id": "us-oh-clermont-county", "name": "Clermont County", "state": "oh", "type": "county" },
    { "id": "us-oh-clinton-county", "name": "Clinton County", "state": "oh", "type": "county" },
    { "id": "us-oh-columbiana-county", "name": "Columbiana County", "state": "oh", "type": "county" },
    { "id": "us-oh-coshocton-county", "name": "Coshocton County", "state": "oh", "type": "county" },
    { "id": "us-oh-crawford-county", "name": "Crawford County", "state": "oh", "type": "county" },
    { "id": "us-oh-cuyahoga-county", "name": "Cuyahoga County", "state": "oh", "type": "county" },
    { "id": "us-oh-darke-county", "name": "Darke County", "state": "oh", "type": "county" },
    { "id": "us-oh-defiance-county", "name": "Defiance County", "state": "oh", "type": "county" },
    { "id": "us-oh-delaware-county", "name": "Delaware County", "state": "oh", "type": "county" },
    { "id": "us-oh-erie-county", "name": "Erie County", "state": "oh", "type": "county" },
    { "id": "us-oh-fairfield-county", "name": "Fairfield County", "state": "oh", "type": "county" },
    { "id": "us-oh-fayette-county", "name": "Fayette County", "state": "oh", "type": "county" },
    { "id": "us-oh-franklin-county", "name": "Franklin County", "state": "oh", "type": "county" },
    { "id": "us-oh-fulton-county", "name": "Fulton County", "state": "oh", "type": "county" },
    { "id": "us-oh-gallia-county", "name": "Gallia County", "state": "oh", "type": "county" },
    { "id": "us-oh-geauga-county", "name": "Geauga County", "state": "oh", "type": "county" },
    { "id": "us-oh-greene-county", "name": "Greene County", "state": "oh", "type": "county" },
    { "id": "us-oh-guernsey-county", "name": "Guernsey County", "state": "oh", "type": "county" },
    { "id": "us-oh-hamilton-county", "name": "Hamilton County", "state": "oh", "type": "county" },
    { "id": "us-oh-hancock-county", "name": "Hancock County", "state": "oh", "type": "county" },
    { "id": "us-oh-hardin-county", "name": "Hardin County", "state": "oh", "type": "county" },
    { "id": "us-oh-harrison-county", "name": "Harrison County", "state": "oh", "type": "county" },
    { "id": "us-oh-henry-county", "name": "Henry County", "state": "oh", "type": "county" },
    { "id": "us-oh-highland-county", "name": "Highland County", "state": "oh", "type": "county" },
    { "id": "us-oh-hocking-county", "name": "Hocking County", "state": "oh", "type": "county" },
    { "id": "us-oh-holmes-county", "name": "Holmes County", "state": "oh", "type": "county" },
    { "id": "us-oh-huron-county", "name": "Huron County", "state": "oh", "type": "county" },
    { "id": "us-oh-jackson-county", "name": "Jackson County", "state": "oh", "type": "county" },
    { "id": "us-oh-jefferson-county", "name": "Jefferson County", "state": "oh", "type": "county" },
    { "id": "us-oh-knox-county", "name": "Knox County", "state": "oh", "type": "county" },
    { "id": "us-oh-lake-county", "name": "Lake County", "state": "oh", "type": "county" },
    { "id": "us-oh-lawrence-county", "name": "Lawrence County", "state": "oh", "type": "county" },
    { "id": "us-oh-licking-county", "name": "Licking County", "state": "oh", "type": "county" },
    { "id": "us-oh-logan-county", "name": "Logan County", "state": "oh", "type": "county" },
    { "id": "us-oh-lorain-county", "name": "Lorain County", "state": "oh", "type": "county" },
    { "id": "us-oh-lucas-county", "name": "Lucas County", "state": "oh", "type": "county" },
    { "id": "us-oh-madison-county", "name": "Madison County", "state": "oh", "type": "county" },
    { "id": "us-oh-mahoning-county", "name": "Mahoning County", "state": "oh", "type": "county" },
    { "id": "us-oh-marion-county", "name": "Marion County", "state": "oh", "type": "county" },
    { "id": "us-oh-medina-county", "name": "Medina County", "state": "oh", "type": "county" },
    { "id": "us-oh-meigs-county", "name": "Meigs County", "state": "oh", "type": "county" },
    { "id": "us-oh-mercer-county", "name": "Mercer County", "state": "oh", "type": "county" },
    { "id": "us-oh-miami-county", "name": "Miami County", "state": "oh", "type": "county" },
    { "id": "us-oh-monroe-county", "name": "Monroe County", "state": "oh", "type": "county" },
    { "id": "us-oh-montgomery-county", "name": "Montgomery County", "state": "oh", "type": "county" },
    { "id": "us-oh-morgan-county", "name": "Morgan County", "state": "oh", "type": "county" },
    { "id": "us-oh-morrow-county", "name": "Morrow County", "state": "oh", "type": "county" },
    { "id": "us-oh-muskingum-county", "name": "Muskingum County", "state": "oh", "type": "county" },
    { "id": "us-oh-noble-county", "name": "Noble County", "state": "oh", "type": "county" },
    { "id": "us-oh-ottawa-county", "name": "Ottawa County", "state": "oh", "type": "county" },
    { "id": "us-oh-paulding-county", "name": "Paulding County", "state": "oh", "type": "county" },
    { "id": "us-oh-perry-county", "name": "Perry County", "state": "oh", "type": "county" },
    { "id": "us-oh-pickaway-county", "name": "Pickaway County", "state": "oh", "type": "county" },
    { "id": "us-oh-pike-county", "name": "Pike County", "state": "oh", "type": "county" },
    { "id": "us-oh-portage-county", "name": "Portage County", "state": "oh", "type": "county" },
    { "id": "us-oh-preble-county", "name": "Preble County", "state": "oh", "type": "county" },
    { "id": "us-oh-putnam-county", "name": "Putnam County", "state": "oh", "type": "county" },
    { "id": "us-oh-richland-county", "name": "Richland County", "state": "oh", "type": "county" },
    { "id": "us-oh-ross-county", "name": "Ross County", "state": "oh", "type": "county" },
    { "id": "us-oh-sandusky-county", "name": "Sandusky County", "state": "oh", "type": "county" },
    { "id": "us-oh-scioto-county", "name": "Scioto County", "state": "oh", "type": "county" },
    { "id": "us-oh-seneca-county", "name": "Seneca County", "state": "oh", "type": "county" },
    { "id": "us-oh-shelby-county", "name": "Shelby County", "state": "oh", "type": "county" },
    { "id": "us-oh-stark-county", "name": "Stark County", "state": "oh", "type": "county" },
    { "id": "us-oh-summit-county", "name": "Summit County", "state": "oh", "type": "county" },
    { "id": "us-oh-trumbull-county", "name": "Trumbull County", "state": "oh", "type": "county" },
    { "id": "us-oh-tuscarawas-county", "name": "Tuscarawas County", "state": "oh", "type": "county" },
    { "id": "us-oh-union-county", "name": "Union County", "state": "oh", "type": "county" },
    { "id": "us-oh-van-wert-county", "name": "Van Wert County", "state": "oh", "type": "county" },
    { "id": "us-oh-vinton-county", "name": "Vinton County", "state": "oh", "type": "county" },
    { "id": "us-oh-warren-county", "name": "Warren County", "state": "oh", "type": "county" },
    { "id": "us-oh-washington-county", "name": "Washington County", "state": "oh", "type": "county" },
    { "id": "us-oh-wayne-county", "name": "Wayne County", "state": "oh", "type": "county" },
    { "id": "us-oh-williams-county", "name": "Williams County", "state": "oh", "type": "county" },
    { "id": "us-oh-wood-county", "name": "Wood County", "state": "oh", "type": "county" },
    { "id": "us-oh-wyandot-county", "name": "Wyandot County", "state": "oh", "type": "county" }
  ]
}