{
  "areas": [
    { "id": "us-mt-beaverhead-county", "name": "Beaverhead County", "state": "mt", "type": "county" },
    { "id": "us-mt-big-horn-county", "name": "Big Horn County", "state": "mt", "type": "county" },
    { "id": "us-mt-blaine-county", "name": "Blaine County", "state": "mt", "type": "county" },
    { "id": "us-mt-broadwater-county", "name": "Broadwater County", "state": "mt", "type": "county" },
    { "id": "us-mt-carbon-county", "name": "Carbon County", "state": "mt", "type": "county" },
    { "id": "us-mt-carter-county", "name": "Carter County", "state": "mt", "type": "county" },
    { "id": "us-mt-cascade-county", "name": "Cascade County", "state": "mt", "type": "county" },
    { "id": "us-mt-chouteau-county", "name": "Chouteau County", "state": "mt", "type": "county" },
    { "id": "us-mt-custer-county", "name": "Custer County", "state": "mt", "type": "county" },
    { "id": "us-mt-daniels-county", "name": "Daniels County", "state": "mt", "type": "county" },
    { "id": "us-mt-dawson-county", "name": "Dawson County", "state": "mt", "type": "county" },
    { "id": "us-mt-deer-lodge-county", "name": "Deer Lodge County", "state": "mt", "type": "county" },
    { "id": "us-mt-fallon-county", "name": "Fallon County", "state": "mt", "type": "county" },
    { "id": "us-mt-fergus-county", "name": "Fergus County", "state": "mt", "type": "county" },
    { "id": "us-mt-flathead-county", "name": "Flathead County", "state": "mt", "type": "county" },
    { "id": "us-mt-gallatin-county", "name": "Gallatin County", "state": "mt", "type": "county" },
    { "id": "us-mt-garfield-county", "name": "Garfield County", "state": "mt", "type": "county" },
    { "id": "us-mt-glacier-county", "name": "Glacier County", "state": "mt", "type": "county" },
    { "id": "us-mt-golden-valley-county", "name": "Golden Valley County", "state": "mt", "type": "county" },
    { "id": "us-mt-granite-county", "name": "Granite County", "state": "mt", "type": "county" },
    { "id": "us-mt-hill-county", "name": "Hill County", "state": "mt", "type": "county" },
    { "id": "us-mt-jefferson-county", "name": "Jefferson County", "state": "mt", "type": "county" },
    { "id": "us-mt-judith-basin-county", "name": "Judith Basin County", "state": "mt", "type": "county" },
    { "id": "us-mt-lake-county", "name": "Lake County", "state": "mt", "type": "county" },
    { "id": "us-mt-lewis-and-clark-county", "name": "Lewis and Clark County", "state": "mt", "type": "county" },
    { "id": "us-mt-liberty-county", "name": "Liberty County", "state": "mt", "type": "county" },
    { "id": "us-mt-lincoln-county", "name": "Lincoln County", "state": "mt", "type": "county" },
    { "id": "us-mt-mccone-county", "name": "McCone County", "state": "mt", "type": "county" },
    { "id": "us-mt-madison-county", "name": "Madison County", "state": "mt", "type": "county" },
    { "id": "us-mt-meagher-county", "name": "Meagher County", "state": "mt", "type": "county" },
    { "id": "us-mt-mineral-county", "name": "Mineral County", "state": "mt", "type": "county" },
    { "id": "us-mt-missoula-county", "name": "Missoula County", "state": "mt", "type": "county" },
    { "id": "us-mt-musselshell-county", "name": "Musselshell County", "state": "mt", "type": "county" },
    { "id": "us-mt-park-county", "name": "Park County", "state": "mt", "type": "county" },
    { "id": "us-mt-petroleum-county", "name": "Petroleum County", "state": "mt", "type": "county" },
    { "id": "us-mt-phillips-county", "name": "Phillips County", "state": "mt", "type": "county" },
    { "id": "us-mt-pondera-county", "name": "Pondera County", "state": "mt", "type": "county" },
    { "id": "us-mt-powder-river-county", "name": "Powder River County", "state": "mt", "type": "county" },
    { "id": "us-mt-powell-county", "name": "Powell County", "state": "mt", "type": "county" },
    { "id": "us-mt-prairie-county", "name": "Prairie County", "state": "mt", "type": "county" },
    { "id": "us-mt-ravalli-county", "name": "Ravalli County", "state": "mt", "type": "county" },
    { "id": "us-mt-richland-county", "name": "Richland County", "state": "mt", "type": "county" },
    { "id": "us-mt-roosevelt-county", "name": "Roosevelt County", "state": "mt", "type": "county" },
    { "id": "us-mt-rosebud-county", "name": "Rosebud County", "state": "mt", "type": "county" },
    { "id": "us-mt-sanders-county", "name": "Sanders County", "state": "mt", "type": "county" },
    { "id": "us-mt-sheridan-county", "name": "Sheridan County", "state": "mt", "type": "county" },
    { "id": "us-mt-silver-bow-county", "name": "Silver Bow County", "state": "mt", "type": "county" },
    { "id": "us-mt-stillwater-county", "name": "Stillwater County", "state": "mt", "type": "county" },
    { "id": "us-mt-sweet-grass-county", "name": "Sweet Grass County", "state": "mt", "type": "county" },
    { "id": "us-mt-teton-county", "name": "Teton County", "state": "mt", "type": "county" },
    { "id": "us-mt-toole-county", "name": "Toole County", "state": "mt", "type": "county" },
    { "id": "us-mt-treasure-county", "name": "Treasure County", "state": "mt", "type": "county" },
    { "id": "us-mt-valley-county", "name": "Valley County", "state": "mt", "type": "county" },
    { "id": "us-mt-wheatland-county", "name": "Wheatland County", "state": "mt", "type": "county" },
    { "id": "us-mt-wibaux-county", "name": "Wibaux County", "state": "mt", "type": "county" },
    { "id": "us-mt-yellowstone-county", "name": "Yellowstone County", "state": "mt", "type": "county" }
  ]
}