{
  "areas": [
    { "id": "us-tn-anderson-county", "name": "Anderson County", "state": "tn", "type": "county" },
    { "id": "us-tn-bedford-county", "name": "Bedford County", "state": "tn", "type": "county" },
    { "id": "us-tn-benton-county", "name": "Benton County", "state": "tn", "type": "county" },
    { "id": "us-tn-bledsoe-county", "name": "Bledsoe County", "state": "tn", "type": "county" },
    { "id": "us-tn-blount-county", "name": "Blount County", "state": "tn", "type": "county" },
    { "id": "us-tn-bradley-county", "name": "Bradley County", "state": "tn", "type": "county" },
    { "id": "us-tn-campbell-county", "name": "Campbell County", "state": "tn", "type": "county" },
    { "id": "us-tn-cannon-county", "name": "Cannon County", "state": "tn", "type": "county" },
    { "id": "us-tn-carroll-county", "name": "Carroll County", "state": "tn", "type": "county" },
    { "id": "us-tn-carter-county", "name": "Carter County", "state": "tn", "type": "county" },
    { "id": "us-tn-cheatham-county", "name": "Cheatham County", "state": "tn", "type": "county" },
    { "id": "us-tn-chester-county", "name": "Chester County", "state": "tn", "type": "county" },
    { "id": "us-tn-claiborne-county", "name": "Claiborne County", "state": "tn", "type": "county" },
    { "id": "us-tn-clay-county", "name": "Clay County", "state": "tn", "type": "county" },
    { "id": "us-tn-cocke-county", "name": "Cocke County", "state": "tn", "type": "county" },
    { "id": "us-tn-coffee-county", "name": "Coffee County", "state": "tn", "type": "county" },
    { "id": "us-tn-crockett-county", "name": "Crockett County", "state": "tn", "type": "county" },
    { "id": "us-tn-cumberland-county", "name": "Cumberland County", "state": "tn", "type": "county" },
    { "id": "us-tn-davidson-county", "name": "Davidson County", "state": "tn", "type": "county" },
    { "id": "us-tn-decatur-county", "name": "Decatur County", "state": "tn", "type": "county" },
    { "id": "us-tn-dekalb-county", "name": "DeKalb County", "state": "tn", "type": "county" },
    { "id": "us-tn-dickson-county", "name": "Dickson County", "state": "tn", "type": "county" },
    { "id": "us-tn-dyer-county", "name": "Dyer County", "state": "tn", "type": "county" },
    { "id": "us-tn-fayette-county", "name": "Fayette County", "state": "tn", "type": "county" },
    { "id": "us-tn-fentress-county", "name": "Fentress County", "state": "tn", "type": "county" },
    { "id": "us-tn-franklin-county", "name": "Franklin County", "state": "tn", "type": "county" },
    { "id": "us-tn-gibson-county", "name": "Gibson County", "state": "tn", "type": "county" },
    { "id": "us-tn-giles-county", "name": "Giles County", "state": "tn", "type": "county" },
    { "id": "us-tn-grainger-county", "name": "Grainger County", "state": "tn", "type": "county" },
    { "id": "us-tn-greene-county", "name": "Greene County", "state": "tn", "type": "county" },
    { "id": "us-tn-grundy-county", "name": "Grundy County", "state": "tn", "type": "county" },
    { "id": "us-tn-hamblen-county", "name": "Hamblen County", "state": "tn", "type": "county" },
    { "id": "us-tn-hamilton-county", "name": "Hamilton County", "state": "tn", "type": "county" },
    { "id": "us-tn-hancock-county", "name": "Hancock County", "state": "tn", "type": "county" },
    { "id": "us-tn-hardeman-county", "name": "Hardeman County", "state": "tn", "type": "county" },
    { "id": "us-tn-hardin-county", "name": "Hardin County", "state": "tn", "type": "county" },
    { "id": "us-tn-hawkins-county", "name": "Hawkins County", "state": "tn", "type": "county" },
    { "id": "us-tn-haywood-county", "name": "Haywood County", "state": "tn", "type": "county" },
    { "id": "us-tn-henderson-county", "name": "Henderson County", "state": "tn", "type": "county" },
    { "id": "us-tn-henry-county", "name": "Henry County", "state": "tn", "type": "county" },
    { "id": "us-tn-hickman-county", "name": "Hickman County", "state": "tn", "type": "county" },
    { "id": "us-tn-houston-county", "name": "Houston County", "state": "tn", "type": "county" },
    { "id": "us-tn-humphreys-county", "name": "Humphreys County", "state": "tn", "type": "county" },
    { "id": "us-tn-jackson-county", "name": "Jackson County", "state": "tn", "type": "county" },
    { "id": "us-tn-jefferson-county", "name": "Jefferson County", "state": "tn", "type": "county" },
    { "id": "us-tn-johnson-county", "name": "Johnson County", "state": "tn", "type": "county" },
    { "id": "us-tn-knox-county", "name": "Knox County", "state": "tn", "type": "county" },
    { "id": "us-tn-lake-county", "name": "Lake County", "state": "tn", "type": "county" },
    { "id": "us-tn-lauderdale-county", "name": "Lauderdale County", "state": "tn", "type": "county" },
    { "id": "us-tn-lawrence-county", "name": "Lawrence County", "state": "tn", "type": "county" },
    { "id": "us-tn-lewis-county", "name": "Lewis County", "state": "tn", "type": "county" },
    { "id": "us-tn-lincoln-county", "name": "Lincoln County", "state": "tn", "type": "county" },
    { "id": "us-tn-loudon-county", "name": "Loudon County", "state": "tn", "type": "county" },
    { "id": "us-tn-mcminn-county", "name": "McMinn County", "state": "tn", "type": "county" },
    { "id": "us-tn-mcnairy-county", "name": "McNairy County", "state": "tn", "type": "county" },
    { "id": "us-tn-macon-county", "name": "Macon County", "state": "tn", "type": "county" },
    { "id": "us-tn-madison-county", "name": "Madison County", "state": "tn", "type": "county" },
    { "id": "us-tn-marion-county", "name": "Marion County", "state": "tn", "type": "county" },
    { "id": "us-tn-marshall-county", "name": "Marshall County", "state": "tn", "type": "county" },
    { "id": "us-tn-maury-county", "name": "Maury County", "state": "tn", "type": "county" },
    { "id": "us-tn-meigs-county", "name": "Meigs County", "state": "tn", "type": "county" },
    { "id": "us-tn-monroe-county", "name": "Monroe County", "state": "tn", "type": "county" },
    { "id": "us-tn-montgomery-county", "name": "Montgomery County", "state": "tn", "type": "county" },
    { "id": "us-tn-moore-county", "name": "Moore County", "state": "tn", "type": "county" },
    { "id": "us-tn-morgan-county", "name": "Morgan County", "state": "tn", "type": "county" },
    { "id": "us-tn-obion-county", "name": "Obion County", "state": "tn", "type": "county" },
    { "id": "us-tn-overton-county", "name": "Overton County", "state": "tn", "type": "county" },
    { "id": "us-tn-perry-county", "name": "Perry County", "state": "tn", "type": "county" },
    { "id": "us-tn-pickett-county", "name": "Pickett County", "state": "tn", "type": "county" },
    { "id": "us-tn-polk-county", "name": "Polk County", "state": "tn", "type": "county" },
    { "id": "us-tn-putnam-county", "name": "Putnam County", "state": "tn", "type": "county" },
    { "id": "us-tn-rhea-county", "name": "Rhea County", "state": "tn", "type": "county" },
    { "id": "us-tn-roane-county", "name": "Roane County", "state": "tn", "type": "county" },
    { "id": "us-tn-robertson-county", "name": "Robertson County", "state": "tn", "type": "county" },
    { "id": "us-tn-rutherford-county", "name": "Rutherford County", "state": "tn", "type": "county" },
    { "id": "us-tn-scott-county", "name": "Scott County", "state": "tn", "type": "county" },
    { "id": "us-tn-sequatchie-county", "name": "Sequatchie County", "state": "tn", "type": "county" },
    { "id": "us-tn-sevier-county", "name": "Sevier County", "state": "tn", "type": "county" },
    { "id": "us-tn-shelby-county", "name": "Shelby County", "state": "tn", "type": "county" },
    { "id": "us-tn-smith-county", "name": "Smith County", "state": "tn", "type": "county" },
    { "id": "us-tn-stewart-county", "name": "Stewart County", "state": "tn", "type": "county" },
    { "id": "us-tn-sullivan-county", "name": "Sullivan County", "state": "tn", "type": "county" },
    { "id": "us-tn-sumner-county", "name": "Sumner County", "state": "tn", "type": "county" },
    { "id": "us-tn-tipton-county", "name": "Tipton County", "state": "tn", "type": "county" },
    { "id": "us-tn-trousdale-county", "name": "Trousdale County", "state": "tn", "type": "county" },
    { "id": "us-tn-unicoi-county", "name": "Unicoi County", "state": "tn", "type": "county" },
    { "id": "us-tn-union-county", "name": "Union County", "state": "tn", "type": "county" },
    { "id": "us-tn-van-buren-county", "name": "Van Buren County", "state": "tn", "type": "county" },
    { "id": "us-tn-warren-county", "name": "Warren County", "state": "tn", "type": "county" },
    { "id": "us-tn-washington-county", "name": "Washington County", "state": "tn", "type": "county" },
    { "id": "us-tn-wayne-county", "name": "Wayne County", "state": "tn", "type": "county" },
    { "id": "us-tn-weakley-county", "name": "Weakley County", "state": "tn", "type": "county" },
    { "id": "us-tn-white-county", "name": "White County", "state": "tn", "type": "county" },
    { "id": "us-tn-williamson-county", "name": "Williamson County", "state": "tn", "type": "county" },
    { "id": "us-tn-wilson-county", "name": "Wilson County", "state": "tn", "type": "county" }
  ]
}