{
  "areas": [
    { "id": "us-mo-adair-county", "name": "Adair County", "state": "mo", "type": "county" },
    { "id": "us-mo-andrew-county", "name": "Andrew County", "state": "mo", "type": "county" },
    { "id": "us-mo-atchison-county", "name": "Atchison County", "state": "mo", "type": "county" },
    { "id": "us-mo-audrain-county", "name": "Audrain County", "state": "mo", "type": "county" },
    { "id": "us-mo-barry-county", "name": "Barry County", "state": "mo", "type": "county" },
    { "id": "us-mo-barton-county", "name": "Barton County", "state": "mo", "type": "county" },
    { "id": "us-mo-bates-county", "name": "Bates County", "state": "mo", "type": "county" },
    { "id": "us-mo-benton-county", "name": "Benton County", "state": "mo", "type": "county" },
    { "id": "us-mo-bollinger-county", "name": "Bollinger County", "state": "mo", "type": "county" },
    { "id": "us-mo-boone-county", "name": "Boone County", "state": "mo", "type": "county" },
    { "id": "us-mo-buchanan-county", "name": "Buchanan County", "state": "mo", "type": "county" },
    { "id": "us-mo-butler-county", "name": "Butler County", "state": "mo", "type": "county" },
    { "id": "us-mo-caldwell-county", "name": "Caldwell County", "state": "mo", "type": "county" },
    { "id": "us-mo-callaway-county", "name": "Callaway County", "state": "mo", "type": "county" },
    { "id": "us-mo-camden-county", "name": "Camden County", "state": "mo", "type": "county" },
    { "id": "us-mo-cape-girardeau-county", "name": "Cape Girardeau County", "state": "mo", "type": "county" },
    { "id": "us-mo-carroll-county", "name": "Carroll County", "state": "mo", "type": "county" },
    { "id": "us-mo-carter-county", "name": "Carter County", "state": "mo", "type": "county" },
    { "id": "us-mo-cass-county", "name": "Cass County", "state": "mo", "type": "county" },
    { "id": "us-mo-cedar-county", "name": "Cedar County", "state": "mo", "type": "county" },
    { "id": "us-mo-chariton-county", "name": "Chariton County", "state": "mo", "type": "county" },
    { "id": "us-mo-christian-county", "name": "Christian County", "state": "mo", "type": "county" },
    { "id": "us-mo-clark-county", "name": "Clark County", "state": "mo", "type": "county" },
    { "id": "us-mo-clay-county", "name": "Clay County", "state": "mo", "type": "county" },
    { "id": "us-mo-clinton-county", "name": "Clinton County", "state": "mo", "type": "county" },
    { "id": "us-mo-cole-county", "name": "Cole County", "state": "mo", "type": "county" },
    { "id": "us-mo-cooper-county", "name": "Cooper County", "state": "mo", "type": "county" },
    { "id": "us-mo-crawford-county", "name": "Crawford County", "state": "mo", "type": "county" },
    { "id": "us-mo-dade-county", "name": "Dade County", "state": "mo", "type": "county" },
    { "id": "us-mo-dallas-county", "name": "Dallas County", "state": "mo", "type": "county" },
    { "id": "us-mo-daviess-county", "name": "Daviess County", "state": "mo", "type": "county" },
    { "id": "us-mo-dekalb-county", "name": "DeKalb County", "state": "mo", "type": "county" },
    { "id": "us-mo-dent-county", "name": "Dent County", "state": "mo", "type": "county" },
    { "id": "us-mo-douglas-county", "name": "Douglas County", "state": "mo", "type": "county" },
    { "id": "us-mo-dunklin-county", "name": "Dunklin County", "state": "mo", "type": "county" },
    { "id": "us-mo-franklin-county", "name": "Franklin County", "state": "mo", "type": "county" },
    { "id": "us-mo-gasconade-county", "name": "Gasconade County", "state": "mo", "type": "county" },
    { "id": "us-mo-gentry-county", "name": "Gentry County", "state": "mo", "type": "county" },
    { "id": "us-mo-greene-county", "name": "Greene County", "state": "mo", "type": "county" },
    { "id": "us-mo-grundy-county", "name": "Grundy County", "state": "mo", "type": "county" },
    { "id": "us-mo-harrison-county", "name": "Harrison County", "state": "mo", "type": "county" },
    { "id": "us-mo-henry-county", "name": "Henry County", "state": "mo", "type": "county" },
    { "id": "us-mo-hickory-county", "name": "Hickory County", "state": "mo", "type": "county" },
    { "id": "us-mo-holt-county", "name": "Holt County", "state": "mo", "type": "county" },
    { "id": "us-mo-howard-county", "name": "Howard County", "state": "mo", "type": "county" },
    { "id": "us-mo-howell-county", "name": "Howell County", "state": "mo", "type": "county" },
    { "id": "us-mo-iron-county", "name": "Iron County", "state": "mo", "type": "county" },
    { "id": "us-mo-jackson-county", "name": "Jackson County", "state": "mo", "type": "county" },
    { "id": "us-mo-jasper-county", "name": "Jasper County", "state": "mo", "type": "county" },
    { "id": "us-mo-jefferson-county", "name": "Jefferson County", "state": "mo", "type": "county" },
    { "id": "us-mo-johnson-county", "name": "Johnson County", "state": "mo", "type": "county" },
    { "id": "us-mo-knox-county", "name": "Knox County", "state": "mo", "type": "county" },
    { "id": "us-mo-laclede-county", "name": "Laclede County", "state": "mo", "type": "county" },
    { "id": "us-mo-lafayette-county", "name": "Lafayette County", "state": "mo", "type": "county" },
    { "id": "us-mo-lawrence-county", "name": "Lawrence County", "state": "mo", "type": "county" },
    { "id": "us-mo-lewis-county", "name": "Lewis County", "state": "mo", "type": "county" },
    { "id": "us-mo-lincoln-county", "name": "Lincoln County", "state": "mo", "type": "county" },
    { "id": "us-mo-linn-county", "name": "Linn County", "state": "mo", "type": "county" },
    { "id": "us-mo-livingston-county", "name": "Livingston County", "state": "mo", "type": "county" },
    { "id": "us-mo-macon-county", "name": "Macon County", "state": "mo", "type": "county" },
    { "id": "us-mo-madison-county", "name": "Madison County", "state": "mo", "type": "county" },
    { "id": "us-mo-maries-county", "name": "Maries County", "state": "mo", "type": "county" },
    { "id": "us-mo-marion-county", "name": "Marion County", "state": "mo", "type": "county" },
    { "id": "us-mo-mcdonald-county", "name": "McDonald County", "state": "mo", "type": "county" },
    { "id": "us-mo-mercer-county", "name": "Mercer County", "state": "mo", "type": "county" },
    { "id": "us-mo-miller-county", "name": "Miller County", "state": "mo", "type": "county" },
    { "id": "us-mo-mississippi-county", "name": "Mississippi County", "state": "mo", "type": "county" },
    { "id": "us-mo-moniteau-county", "name": "Moniteau County", "state": "mo", "type": "county" },
    { "id": "us-mo-monroe-county", "name": "Monroe County", "state": "mo", "type": "county" },
    { "id": "us-mo-montgomery-county", "name": "Montgomery County", "state": "mo", "type": "county" },
    { "id": "us-mo-morgan-county", "name": "Morgan County", "state": "mo", "type": "county" },
    { "id": "us-mo-new-madrid-county", "name": "New Madrid County", "state": "mo", "type": "county" },
    { "id": "us-mo-newton-county", "name": "Newton County", "state": "mo", "type": "county" },
    { "id": "us-mo-nodaway-county", "name": "Nodaway County", "state": "mo", "type": "county" },
    { "id": "us-mo-oregon-county", "name": "Oregon County", "state": "mo", "type": "county" },
    { "id": "us-mo-osage-county", "name": "Osage County", "state": "mo", "type": "county" },
    { "id": "us-mo-ozark-county", "name": "Ozark County", "state": "mo", "type": "county" },
    { "id": "us-mo-pemiscot-county", "name": "Pemiscot County", "state": "mo", "type": "county" },
    { "id": "us-mo-perry-county", "name": "Perry County", "state": "mo", "type": "county" },
    { "id": "us-mo-pettis-county", "name": "Pettis County", "state": "mo", "type": "county" },
    { "id": "us-mo-phelps-county", "name": "Phelps County", "state": "mo", "type": "county" },
    { "id": "us-mo-pike-county", "name": "Pike County", "state": "mo", "type": "county" },
    { "id": "us-mo-platte-county", "name": "Platte County", "state": "mo", "type": "county" },
    { "id": "us-mo-polk-county", "name": "Polk County", "state": "mo", "type": "county" },
    { "id": "us-mo-pulaski-county", "name": "Pulaski County", "state": "mo", "type": "county" },
    { "id": "us-mo-putnam-county", "name": "Putnam County", "state": "mo", "type": "county" },
    { "id": "us-mo-ralls-county", "name": "Ralls County", "state": "mo", "type": "county" },
    { "id": "us-mo-randolph-county", "name": "Randolph County", "state": "mo", "type": "county" },
    { "id": "us-mo-ray-county", "name": "Ray County", "state": "mo", "type": "county" },
    { "id": "us-mo-reynolds-county", "name": "Reynolds County", "state": "mo", "type": "county" },
    { "id": "us-mo-ripley-county", "name": "Ripley County", "state": "mo", "type": "county" },
    { "id": "us-mo-st-charles-county", "name": "St. Charles County", "state": "mo", "type": "county" },
    { "id": "us-mo-st-clair-county", "name": "St. Clair County", "state": "mo", "type": "county" },
    { "id": "us-mo-st-francois-county", "name": "St. Francois County", "state": "mo", "type": "county" },
    { "id": "us-mo-st-louis-city", "name": "St. Louis City", "state": "mo", "type": "city" },
    { "id": "us-mo-st-louis-county", "name": "St. Louis County", "state": "mo", "type": "county" },
    { "id": "us-mo-ste-genevieve-county", "name": "Ste. Genevieve County", "state": "mo", "type": "county" },
    { "id": "us-mo-saline-county", "name": "Saline County", "state": "mo", "type": "county" },
    { "id": "us-mo-schuyler-county", "name": "Schuyler County", "state": "mo", "type": "county" },
    { "id": "us-mo-scotland-county", "name": "Scotland County", "state": "mo", "type": "county" },
    { "id": "us-mo-scott-county", "name": "Scott County", "state": "mo", "type": "county" },
    { "id": "us-mo-shannon-county", "name": "Shannon County", "state": "mo", "type": "county" },
    { "id": "us-mo-shelby-county", "name": "Shelby County", "state": "mo", "type": "county" },
    { "id": "us-mo-stoddard-county", "name": "Stoddard County", "state": "mo", "type": "county" },
    { "id": "us-mo-stone-county", "name": "Stone County", "state": "mo", "type": "county" },
    { "id": "us-mo-sullivan-county", "name": "Sullivan County", "state": "mo", "type": "county" },
    { "id": "us-mo-taney-county", "name": "Taney County", "state": "mo", "type": "county" },
    { "id": "us-mo-texas-county", "name": "Texas County", "state": "mo", "type": "county" },
    { "id": "us-mo-vernon-county", "name": "Vernon County", "state": "mo", "type": "county" },
    { "id": "us-mo-warren-county", "name": "Warren County", "state": "mo", "type": "county" },
    { "id": "us-mo-washington-county", "name": "Washington County", "state": "mo", "type": "county" },
    { "id": "us-mo-wayne-county", "name": "Wayne County", "state": "mo", "type": "county" },
    { "id": "us-mo-webster-county", "name": "Webster County", "state": "mo", "type": "county" },
    { "id": "us-mo-worth-county", "name": "Worth County", "state": "mo", "type": "county" },
    { "id": "us-mo-wright-county", "name": "Wright County", "state": "mo", "type": "county" }
  ]
}