{
  "areas": [
    { "id": "us-mn-aitkin-county", "name": "Aitkin County", "state": "mn", "type": "county" },
    { "id": "us-mn-anoka-county", "name": "Anoka County", "state": "mn", "type": "county" },
    { "id": "us-mn-becker-county", "name": "Becker County", "state": "mn", "type": "county" },
    { "id": "us-mn-beltrami-county", "name": "Beltrami County", "state": "mn", "type": "county" },
    { "id": "us-mn-benton-county", "name": "Benton County", "state": "mn", "type": "county" },
    { "id": "us-mn-big-stone-county", "name": "Big Stone County", "state": "mn", "type": "county" },
    { "id": "us-mn-blue-earth-county", "name": "Blue Earth County", "state": "mn", "type": "county" },
    { "id": "us-mn-brown-county", "name": "Brown County", "state": "mn", "type": "county" },
    { "id": "us-mn-carlton-county", "name": "Carlton County", "state": "mn", "type": "county" },
    { "id": "us-mn-carver-county", "name": "Carver County", "state": "mn", "type": "county" },
    { "id": "us-mn-cass-county", "name": "Cass County", "state": "mn", "type": "county" },
    { "id": "us-mn-chippewa-county", "name": "Chippewa County", "state": "mn", "type": "county" },
    { "id": "us-mn-chisago-county", "name": "Chisago County", "state": "mn", "type": "county" },
    { "id": "us-mn-clay-county", "name": "Clay County", "state": "mn", "type": "county" },
    { "id": "us-mn-clearwater-county", "name": "Clearwater County", "state": "mn", "type": "county" },
    { "id": "us-mn-cook-county", "name": "Cook County", "state": "mn", "type": "county" },
    { "id": "us-mn-cottonwood-county", "name": "Cottonwood County", "state": "mn", "type": "county" },
    { "id": "us-mn-crow-wing-county", "name": "Crow Wing County", "state": "mn", "type": "county" },
    { "id": "us-mn-dakota-county", "name": "Dakota County", "state": "mn", "type": "county" },
    { "id": "us-mn-dodge-county", "name": "Dodge County", "state": "mn", "type": "county" },
    { "id": "us-mn-douglas-county", "name": "Douglas County", "state": "mn", "type": "county" },
    { "id": "us-mn-faribault-county", "name": "Faribault County", "state": "mn", "type": "county" },
    { "id": "us-mn-fillmore-county", "name": "Fillmore County", "state": "mn", "type": "county" },
    { "id": "us-mn-freeborn-county", "name": "Freeborn County", "state": "mn", "type": "county" },
    { "id": "us-mn-goodhue-county", "name": "Goodhue County", "state": "mn", "type": "county" },
    { "id": "us-mn-grant-county", "name": "Grant County", "state": "mn", "type": "county" },
    { "id": "us-mn-hennepin-county", "name": "Hennepin County", "state": "mn", "type": "county" },
    { "id": "us-mn-houston-county", "name": "Houston County", "state": "mn", "type": "county" },
    { "id": "us-mn-hubbard-county", "name": "Hubbard County", "state": "mn", "type": "county" },
    { "id": "us-mn-isanti-county", "name": "Isanti County", "state": "mn", "type": "county" },
    { "id": "us-mn-itasca-county", "name": "Itasca County", "state": "mn", "type": "county" },
    { "id": "us-mn-jackson-county", "name": "Jackson County", "state": "mn", "type": "county" },
    { "id": "us-mn-kanabec-county", "name": "Kanabec County", "state": "mn", "type": "county" },
    { "id": "us-mn-kandiyohi-county", "name": "Kandiyohi County", "state": "mn", "type": "county" },
    { "id": "us-mn-kittson-county", "name": "Kittson County", "state": "mn", "type": "county" },
    { "id": "us-mn-koochiching-county", "name": "Koochiching County", "state": "mn", "type": "county" },
    { "id": "us-mn-lac-qui-parle-county", "name": "Lac qui Parle County", "state": "mn", "type": "county" },
    { "id": "us-mn-lake-county", "name": "Lake County", "state": "mn", "type": "county" },
    { "id": "us-mn-lake-of-the-woods-county", "name": "Lake of the Woods County", "state": "mn", "type": "county" },
    { "id": "us-mn-le-sueur-county", "name": "Le Sueur County", "state": "mn", "type": "county" },
    { "id": "us-mn-lincoln-county", "name": "Lincoln County", "state": "mn", "type": "county" },
    { "id": "us-mn-lyon-county", "name": "Lyon County", "state": "mn", "type": "county" },
    { "id": "us-mn-mcleod-county", "name": "McLeod County", "state": "mn", "type": "county" },
    { "id": "us-mn-mahnomen-county", "name": "Mahnomen County", "state": "mn", "type": "county" },
    { "id": "us-mn-marshall-county", "name": "Marshall County", "state": "mn", "type": "county" },
    { "id": "us-mn-martin-county", "name": "Martin County", "state": "mn", "type": "county" },
    { "id": "us-mn-meeker-county", "name": "Meeker County", "state": "mn", "type": "county" },
    { "id": "us-mn-mille-lacs-county", "name": "Mille Lacs County", "state": "mn", "type": "county" },
    { "id": "us-mn-morrison-county", "name": "Morrison County", "state": "mn", "type": "county" },
    { "id": "us-mn-mower-county", "name": "Mower County", "state": "mn", "type": "county" },
    { "id": "us-mn-murray-county", "name": "Murray County", "state": "mn", "type": "county" },
    { "id": "us-mn-nicollet-county", "name": "Nicollet County", "state": "mn", "type": "county" },
    { "id": "us-mn-nobles-county", "name": "Nobles County", "state": "mn", "type": "county" },
    { "id": "us-mn-norman-county", "name": "Norman County", "state": "mn", "type": "county" },
    { "id": "us-mn-olmsted-county", "name": "Olmsted County", "state": "mn", "type": "county" },
    { "id": "us-mn-otter-tail-county", "name": "Otter Tail County", "state": "mn", "type": "county" },
    { "id": "us-mn-pennington-county", "name": "Pennington County", "state": "mn", "type": "county" },
    { "id": "us-mn-pine-county", "name": "Pine County", "state": "mn", "type": "county" },
    { "id": "us-mn-pipestone-county", "name": "Pipestone County", "state": "mn", "type": "county" },
    { "id": "us-mn-polk-county", "name": "Polk County", "state": "mn", "type": "county" },
    { "id": "us-mn-pope-county", "name": "Pope County", "state": "mn", "type": "county" },
    { "id": "us-mn-ramsey-county", "name": "Ramsey County", "state": "mn", "type": "county" },
    { "id": "us-mn-red-lake-county", "name": "Red Lake County", "state": "mn", "type": "county" },
    { "id": "us-mn-redwood-county", "name": "Redwood County", "state": "mn", "type": "county" },
    { "id": "us-mn-renville-county", "name": "Renville County", "state": "mn", "type": "county" },
    { "id": "us-mn-rice-county", "name": "Rice County", "state": "mn", "type": "county" },
    { "id": "us-mn-rock-county", "name": "Rock County", "state": "mn", "type": "county" },
    { "id": "us-mn-roseau-county", "name": "Roseau County", "state": "mn", "type": "county" },
    { "id": "us-mn-st-louis-county", "name": "St. Louis County", "state": "mn", "type": "county" },
    { "id": "us-mn-scott-county", "name": "Scott County", "state": "mn", "type": "county" },
    { "id": "us-mn-sherburne-county", "name": "Sherburne County", "state": "mn", "type": "county" },
    { "id": "us-mn-sibley-county", "name": "Sibley County", "state": "mn", "type": "county" },
    { "id": "us-mn-stearns-county", "name": "Stearns County", "state": "mn", "type": "county" },
    { "id": "us-mn-steele-county", "name": "Steele County", "state": "mn", "type": "county" },
    { "id": "us-mn-stevens-county", "name": "Stevens County", "state": "mn", "type": "county" },
    { "id": "us-mn-swift-county", "name": "Swift County", "state": "mn", "type": "county" },
    { "id": "us-mn-todd-county", "name": "Todd County", "state": "mn", "type": "county" },
    { "id": "us-mn-traverse-county", "name": "Traverse County", "state": "mn", "type": "county" },
    { "id": "us-mn-wabasha-county", "name": "Wabasha County", "state": "mn", "type": "county" },
    { "id": "us-mn-wadena-county", "name": "Wadena County", "state": "mn", "type": "county" },
    { "id": "us-mn-waseca-county", "name": "Waseca County", "state": "mn", "type": "county" },
    { "id": "us-mn-washington-county", "name": "Washington County", "state": "mn", "type": "county" },
    { "id": "us-mn-watonwan-county", "name": "Watonwan County", "state": "mn", "type": "county" },
    { "id": "us-mn-wilkin-county", "name": "Wilkin County", "state": "mn", "type": "county" },
    { "id": "us-mn-winona-county", "name": "Winona County", "state": "mn", "type": "county" },
    { "id": "us-mn-wright-county", "name": "Wright County", "state": "mn", "type": "county" },
    { "id": "us-mn-yellow-medicine-county", "name": "Yellow Medicine County", "state": "mn", "type": "county" }
  ]
}