{
  "areas": [
    { "id": "us-in-adams-county", "name": "Adams County", "state": "in", "type": "county" },
    { "id": "us-in-allen-county", "name": "Allen County", "state": "in", "type": "county" },
    { "id": "us-in-bartholomew-county", "name": "Bartholomew County", "state": "in", "type": "county" },
    { "id": "us-in-benton-county", "name": "Benton County", "state": "in", "type": "county" },
    { "id": "us-in-blackford-county", "name": "Blackford County", "state": "in", "type": "county" },
    { "id": "us-in-boone-county", "name": "Boone County", "state": "in", "type": "county" },
    { "id": "us-in-brown-county", "name": "Brown County", "state": "in", "type": "county" },
    { "id": "us-in-carroll-county", "name": "Carroll County", "state": "in", "type": "county" },
    { "id": "us-in-cass-county", "name": "Cass County", "state": "in", "type": "county" },
    { "id": "us-in-clark-county", "name": "Clark County", "state": "in", "type": "county" },
    { "id": "us-in-clay-county", "name": "Clay County", "state": "in", "type": "county" },
    { "id": "us-in-clinton-county", "name": "Clinton County", "state": "in", "type": "county" },
    { "id": "us-in-crawford-county", "name": "Crawford County", "state": "in", "type": "county" },
    { "id": "us-in-daviess-county", "name": "Daviess County", "state": "in", "type": "county" },
    { "id": "us-in-dearborn-county", "name": "Dearborn County", "state": "in", "type": "county" },
    { "id": "us-in-decatur-county", "name": "Decatur County", "state": "in", "type": "county" },
    { "id": "us-in-dekalb-county", "name": "DeKalb County", "state": "in", "type": "county" },
    { "id": "us-in-delaware-county", "name": "Delaware County", "state": "in", "type": "county" },
    { "id": "us-in-dubois-county", "name": "Dubois County", "state": "in", "type": "county" },
    { "id": "us-in-elkhart-county", "name": "Elkhart County", "state": "in", "type": "county" },
    { "id": "us-in-fayette-county", "name": "Fayette County", "state": "in", "type": "county" },
    { "id": "us-in-floyd-county", "name": "Floyd County", "state": "in", "type": "county" },
    { "id": "us-in-fountain-county", "name": "Fountain County", "state": "in", "type": "county" },
    { "id": "us-in-franklin-county", "name": "Franklin County", "state": "in", "type": "county" },
    { "id": "us-in-fulton-county", "name": "Fulton County", "state": "in", "type": "county" },
    { "id": "us-in-gibson-county", "name": "Gibson County", "state": "in", "type": "county" },
    { "id": "us-in-grant-county", "name": "Grant County", "state": "in", "type": "county" },
    { "id": "us-in-greene-county", "name": "Greene County", "state": "in", "type": "county" },
    { "id": "us-in-hamilton-county", "name": "Hamilton County", "state": "in", "type": "county" },
    { "id": "us-in-hancock-county", "name": "Hancock County", "state": "in", "type": "county" },
    { "id": "us-in-harrison-county", "name": "Harrison County", "state": "in", "type": "county" },
    { "id": "us-in-hendricks-county", "name": "Hendricks County", "state": "in", "type": "county" },
    { "id": "us-in-henry-county", "name": "Henry County", "state": "in", "type": "county" },
    { "id": "us-in-howard-county", "name": "Howard County", "state": "in", "type": "county" },
    { "id": "us-in-huntington-county", "name": "Huntington County", "state": "in", "type": "county" },
    { "id": "us-in-jackson-county", "name": "Jackson County", "state": "in", "type": "county" },
    { "id": "us-in-jasper-county", "name": "Jasper County", "state": "in", "type": "county" },
    { "id": "us-in-jay-county", "name": "Jay County", "state": "in", "type": "county" },
    { "id": "us-in-jefferson-county", "name": "Jefferson County", "state": "in", "type": "county" },
    { "id": "us-in-jennings-county", "name": "Jennings County", "state": "in", "type": "county" },
    { "id": "us-in-johnson-county", "name": "Johnson County", "state": "in", "type": "county" },
    { "id": "us-in-knox-county", "name": "Knox County", "state": "in", "type": "county" },
    { "id": "us-in-kosciusko-county", "name": "Kosciusko County", "state": "in", "type": "county" },
    { "id": "us-in-lagrange-county", "name": "LaGrange County", "state": "in", "type": "county" },
    { "id": "us-in-lake-county", "name": "Lake County", "state": "in", "type": "county" },
    { "id": "us-in-la-porte-county", "name": "La Porte County", "state": "in", "type": "county" },
    { "id": "us-in-lawrence-county", "name": "Lawrence County", "state": "in", "type": "county" },
    { "id": "us-in-madison-county", "name": "Madison County", "state": "in", "type": "county" },
    { "id": "us-in-marion-county", "name": "Marion County", "state": "in", "type": "county" },
    { "id": "us-in-marshall-county", "name": "Marshall County", "state": "in", "type": "county" },
    { "id": "us-in-martin-county", "name": "Martin County", "state": "in", "type": "county" },
    { "id": "us-in-miami-county", "name": "Miami County", "state": "in", "type": "county" },
    { "id": "us-in-monroe-county", "name": "Monroe County", "state": "in", "type": "county" },
    { "id": "us-in-montgomery-county", "name": "Montgomery County", "state": "in", "type": "county" },
    { "id": "us-in-morgan-county", "name": "Morgan County", "state": "in", "type": "county" },
    { "id": "us-in-newton-county", "name": "Newton County", "state": "in", "type": "county" },
    { "id": "us-in-noble-county", "name": "Noble County", "state": "in", "type": "county" },
    { "id": "us-in-ohio-county", "name": "Ohio County", "state": "in", "type": "county" },
    { "id": "us-in-orange-county", "name": "Orange County", "state": "in", "type": "county" },
    { "id": "us-in-owen-county", "name": "Owen County", "state": "in", "type": "county" },
    { "id": "us-in-parke-county", "name": "Parke County", "state": "in", "type": "county" },
    { "id": "us-in-perry-county", "name": "Perry County", "state": "in", "type": "county" },
    { "id": "us-in-pike-county", "name": "Pike County", "state": "in", "type": "county" },
    { "id": "us-in-porter-county", "name": "Porter County", "state": "in", "type": "county" },
    { "id": "us-in-posey-county", "name": "Posey County", "state": "in", "type": "county" },
    { "id": "us-in-pulaski-county", "name": "Pulaski County", "state": "in", "type": "county" },
    { "id": "us-in-putnam-county", "name": "Putnam County", "state": "in", "type": "county" },
    { "id": "us-in-randolph-county", "name": "Randolph County", "state": "in", "type": "county" },
    { "id": "us-in-ripley-county", "name": "Ripley County", "state": "in", "type": "county" },
    { "id": "us-in-rush-county", "name": "Rush County", "state": "in", "type": "county" },
    { "id": "us-in-st-joseph-county", "name": "St. Joseph County", "state": "in", "type": "county" },
    { "id": "us-in-scott-county", "name": "Scott County", "state": "in", "type": "county" },
    { "id": "us-in-shelby-county", "name": "Shelby County", "state": "in", "type": "county" },
    { "id": "us-in-spencer-county", "name": "Spencer County", "state": "in", "type": "county" },
    { "id": "us-in-starke-county", "name": "Starke County", "state": "in", "type": "county" },
    { "id": "us-in-steuben-county", "name": "Steuben County", "state": "in", "type": "county" },
    { "id": "us-in-sullivan-county", "name": "Sullivan County", "state": "in", "type": "county" },
    { "id": "us-in-switzerland-county", "name": "Switzerland County", "state": "in", "type": "county" },
    { "id": "us-in-tippecanoe-county", "name": "Tippecanoe County", "state": "in", "type": "county" },
    { "id": "us-in-tipton-county", "name": "Tipton County", "state": "in", "type": "county" },
    { "id": "us-in-union-county", "name": "Union County", "state": "in", "type": "county" },
    { "id": "us-in-vanderburgh-county", "name": "Vanderburgh County", "state": "in", "type": "county" },
    { "id": "us-in-vermillion-county", "name": "Vermillion County", "state": "in", "type": "county" },
    { "id": "us-in-vigo-county", "name": "Vigo County", "state": "in", "type": "county" },
    { "id": "us-in-wabash-county", "name": "Wabash County", "state": "in", "type": "county" },
    { "id": "us-in-warren-county", "name": "Warren County", "state": "in", "type": "county" },
    { "id": "us-in-warrick-county", "name": "Warrick County", "state": "in", "type": "county" },
    { "id": "us-in-washington-county", "name": "Washington County", "state": "in", "type": "county" },
    { "id": "us-in-wayne-county", "name": "Wayne County", "state": "in", "type": "county" },
    { "id": "us-in-wells-county", "name": "Wells County", "state": "in", "type": "county" },
    { "id": "us-in-white-county", "name": "White County", "state": "in", "type": "county" },
    { "id": "us-in-whitley-county", "name": "Whitley County", "state": "in", "type": "county" }
  ]
}