{
  "areas": [
    { "id": "us-al-autauga-county", "name": "Autauga County", "state": "al", "type": "county" },
    { "id": "us-al-baldwin-county", "name": "Baldwin County", "state": "al", "type": "county" },
    { "id": "us-al-barbour-county", "name": "Barbour County", "state": "al", "type": "county" },
    { "id": "us-al-bibb-county", "name": "Bibb County", "state": "al", "type": "county" },
    { "id": "us-al-blount-county", "name": "Blount County", "state": "al", "type": "county" },
    { "id": "us-al-bullock-county", "name": "Bullock County", "state": "al", "type": "county" },
    { "id": "us-al-butler-county", "name": "Butler County", "state": "al", "type": "county" },
    { "id": "us-al-calhoun-county", "name": "Calhoun County", "state": "al", "type": "county" },
    { "id": "us-al-chambers-county", "name": "Chambers County", "state": "al", "type": "county" },
    { "id": "us-al-cherokee-county", "name": "Cherokee County", "state": "al", "type": "county" },
    { "id": "us-al-chilton-county", "name": "Chilton County", "state": "al", "type": "county" },
    { "id": "us-al-choctaw-county", "name": "Choctaw County", "state": "al", "type": "county" },
    { "id": "us-al-clarke-county", "name": "Clarke County", "state": "al", "type": "county" },
    { "id": "us-al-clay-county", "name": "Clay County", "state": "al", "type": "county" },
    { "id": "us-al-cleburne-county", "name": "Cleburne County", "state": "al", "type": "county" },
    { "id": "us-al-coffee-county", "name": "Coffee County", "state": "al", "type": "county" },
    { "id": "us-al-colbert-county", "name": "Colbert County", "state": "al", "type": "county" },
    { "id": "us-al-conecuh-county", "name": "Conecuh County", "state": "al", "type": "county" },
    { "id": "us-al-coosa-county", "name": "Coosa County", "state": "al", "type": "county" },
    { "id": "us-al-covington-county", "name": "Covington County", "state": "al", "type": "county" },
    { "id": "us-al-crenshaw-county", "name": "Crenshaw County", "state": "al", "type": "county" },
    { "id": "us-al-cullman-county", "name": "Cullman County", "state": "al", "type": "county" },
    { "id": "us-al-dale-county", "name": "Dale County", "state": "al", "type": "county" },
    { "id": "us-al-dallas-county", "name": "Dallas County", "state": "al", "type": "county" },
    { "id": "us-al-dekalb-county", "name": "DeKalb County", "state": "al", "type": "county" },
    { "id": "us-al-elmore-county", "name": "Elmore County", "state": "al", "type": "county" },
    { "id": "us-al-escambia-county", "name": "Escambia County", "state": "al", "type": "county" },
    { "id": "us-al-etowah-county", "name": "Etowah County", "state": "al", "type": "county" },
    { "id": "us-al-fayette-county", "name": "Fayette County", "state": "al", "type": "county" },
    { "id": "us-al-franklin-county", "name": "Franklin County", "state": "al", "type": "county" },
    { "id": "us-al-geneva-county", "name": "Geneva County", "state": "al", "type": "county" },
    { "id": "us-al-greene-county", "name": "Greene County", "state": "al", "type": "county" },
    { "id": "us-al-hale-county", "name": "Hale County", "state": "al", "type": "county" },
    { "id": "us-al-henry-county", "name": "Henry County", "state": "al", "type": "county" },
    { "id": "us-al-houston-county", "name": "Houston County", "state": "al", "type": "county" },
    { "id": "us-al-jackson-county", "name": "Jackson County", "state": "al", "type": "county" },
    { "id": "us-al-jefferson-county", "name": "Jefferson County", "state": "al", "type": "county" },
    { "id": "us-al-lamar-county", "name": "Lamar County", "state": "al", "type": "county" },
    { "id": "us-al-lauderdale-county", "name": "Lauderdale County", "state": "al", "type": "county" },
    { "id": "us-al-lawrence-county", "name": "Lawrence County", "state": "al", "type": "county" },
    { "id": "us-al-lee-county", "name": "Lee County", "state": "al", "type": "county" },
    { "id": "us-al-limestone-county", "name": "Limestone County", "state": "al", "type": "county" },
    { "id": "us-al-lowndes-county", "name": "Lowndes County", "state": "al", "type": "county" },
    { "id": "us-al-macon-county", "name": "Macon County", "state": "al", "type": "county" },
    { "id": "us-al-madison-county", "name": "Madison County", "state": "al", "type": "county" },
    { "id": "us-al-marengo-county", "name": "Marengo County", "state": "al", "type": "county" },
    { "id": "us-al-marion-county", "name": "Marion County", "state": "al", "type": "county" },
    { "id": "us-al-marshall-county", "name": "Marshall County", "state": "al", "type": "county" },
    { "id": "us-al-mobile-county", "name": "Mobile County", "state": "al", "type": "county" },
    { "id": "us-al-monroe-county", "name": "Monroe County", "state": "al", "type": "county" },
    { "id": "us-al-montgomery-county", "name": "Montgomery County", "state": "al", "type": "county" },
    { "id": "us-al-morgan-county", "name": "Morgan County", "state": "al", "type": "county" },
    { "id": "us-al-perry-county", "name": "Perry County", "state": "al", "type": "county" },
    { "id": "us-al-pickens-county", "name": "Pickens County", "state": "al", "type": "county" },
    { "id": "us-al-pike-county", "name": "Pike County", "state": "al", "type": "county" },
    { "id": "us-al-randolph-county", "name": "Randolph County", "state": "al", "type": "county" },
    { "id": "us-al-russell-county", "name": "Russell County", "state": "al", "type": "county" },
    { "id": "us-al-st-clair-county", "name": "St. Clair County", "state": "al", "type": "county" },
    { "id": "us-al-shelby-county", "name": "Shelby County", "state": "al", "type": "county" },
    { "id": "us-al-sumter-county", "name": "Sumter County", "state": "al", "type": "county" },
    { "id": "us-al-talladega-county", "name": "Talladega County", "state": "al", "type": "county" },
    { "id": "us-al-tallapoosa-county", "name": "Tallapoosa County", "state": "al", "type": "county" },
    { "id": "us-al-tuscaloosa-county", "name": "Tuscaloosa County", "state": "al", "type": "county" },
    { "id": "us-al-walker-county", "name": "Walker County", "state": "al", "type": "county" },
    { "id": "us-al-washington-county", "name": "Washington County", "state": "al", "type": "county" },
    { "id": "us-al-wilcox-county", "name": "Wilcox County", "state": "al", "type": "county" },
    { "id": "us-al-winston-county", "name": "Winston County", "state": "al", "type": "county" }
  ]
}