{
  "areas": [
    { "id": "us-ks-allen-county", "name": "Allen County", "state": "ks", "type": "county" },
    { "id": "us-ks-anderson-county", "name": "Anderson County", "state": "ks", "type": "county" },
    { "id": "us-ks-atchison-county", "name": "Atchison County", "state": "ks", "type": "county" },
    { "id": "us-ks-barber-county", "name": "Barber County", "state": "ks", "type": "county" },
    { "id": "us-ks-barton-county", "name": "Barton County", "state": "ks", "type": "county" },
    { "id": "us-ks-bourbon-county", "name": "Bourbon County", "state": "ks", "type": "county" },
    { "id": "us-ks-brown-county", "name": "Brown County", "state": "ks", "type": "county" },
    { "id": "us-ks-butler-county", "name": "Butler County", "state": "ks", "type": "county" },
    { "id": "us-ks-chase-county", "name": "Chase County", "state": "ks", "type": "county" },
    { "id": "us-ks-chautauqua-county", "name": "Chautauqua County", "state": "ks", "type": "county" },
    { "id": "us-ks-cherokee-county", "name": "Cherokee County", "state": "ks", "type": "county" },
    { "id": "us-ks-cheyenne-county", "name": "Cheyenne County", "state": "ks", "type": "county" },
    { "id": "us-ks-clark-county", "name": "Clark County", "state": "ks", "type": "county" },
    { "id": "us-ks-clay-county", "name": "Clay County", "state": "ks", "type": "county" },
    { "id": "us-ks-cloud-county", "name": "Cloud County", "state": "ks", "type": "county" },
    { "id": "us-ks-coffey-county", "name": "Coffey County", "state": "ks", "type": "county" },
    { "id": "us-ks-comanche-county", "name": "Comanche County", "state": "ks", "type": "county" },
    { "id": "us-ks-cowley-county", "name": "Cowley County", "state": "ks", "type": "county" },
    { "id": "us-ks-crawford-county", "name": "Crawford County", "state": "ks", "type": "county" },
    { "id": "us-ks-decatur-county", "name": "Decatur County", "state": "ks", "type": "county" },
    { "id": "us-ks-dickinson-county", "name": "Dickinson County", "state": "ks", "type": "county" },
    { "id": "us-ks-doniphan-county", "name": "Doniphan County", "state": "ks", "type": "county" },
    { "id": "us-ks-douglas-county", "name": "Douglas County", "state": "ks", "type": "county" },
    { "id": "us-ks-edwards-county", "name": "Edwards County", "state": "ks", "type": "county" },
    { "id": "us-ks-elk-county", "name": "Elk County", "state": "ks", "type": "county" },
    { "id": "us-ks-ellis-county", "name": "Ellis County", "state": "ks", "type": "county" },
    { "id": "us-ks-ellsworth-county", "name": "Ellsworth County", "state": "ks", "type": "county" },
    { "id": "us-ks-finney-county", "name": "Finney County", "state": "ks", "type": "county" },
    { "id": "us-ks-ford-county", "name": "Ford County", "state": "ks", "type": "county" },
    { "id": "us-ks-franklin-county", "name": "Franklin County", "state": "ks", "type": "county" },
    { "id": "us-ks-geary-county", "name": "Geary County", "state": "ks", "type": "county" },
    { "id": "us-ks-gove-county", "name": "Gove County", "state": "ks", "type": "county" },
    { "id": "us-ks-graham-county", "name": "Graham County", "state": "ks", "type": "county" },
    { "id": "us-ks-grant-county", "name": "Grant County", "state": "ks", "type": "county" },
    { "id": "us-ks-gray-county", "name": "Gray County", "state": "ks", "type": "county" },
    { "id": "us-ks-greeley-county", "name": "Greeley County", "state": "ks", "type": "county" },
    { "id": "us-ks-greenwood-county", "name": "Greenwood County", "state": "ks", "type": "county" },
    { "id": "us-ks-hamilton-county", "name": "Hamilton County", "state": "ks", "type": "county" },
    { "id": "us-ks-harper-county", "name": "Harper County", "state": "ks", "type": "county" },
    { "id": "us-ks-harvey-county", "name": "Harvey County", "state": "ks", "type": "county" },
    { "id": "us-ks-haskell-county", "name": "Haskell County", "state": "ks", "type": "county" },
    { "id": "us-ks-hodgeman-county", "name": "Hodgeman County", "state": "ks", "type": "county" },
    { "id": "us-ks-jackson-county", "name": "Jackson County", "state": "ks", "type": "county" },
    { "id": "us-ks-jefferson-county", "name": "Jefferson County", "state": "ks", "type": "county" },
    { "id": "us-ks-jewell-county", "name": "Jewell County", "state": "ks", "type": "county" },
    { "id": "us-ks-johnson-county", "name": "Johnson County", "state": "ks", "type": "county" },
    { "id": "us-ks-kearny-county", "name": "Kearny County", "state": "ks", "type": "county" },
    { "id": "us-ks-kingman-county", "name": "Kingman County", "state": "ks", "type": "county" },
    { "id": "us-ks-kiowa-county", "name": "Kiowa County", "state": "ks", "type": "county" },
    { "id": "us-ks-labette-county", "name": "Labette County", "state": "ks", "type": "county" },
    { "id": "us-ks-lane-county", "name": "Lane County", "state": "ks", "type": "county" },
    { "id": "us-ks-leavenworth-county", "name": "Leavenworth County", "state": "ks", "type": "county" },
    { "id": "us-ks-lincoln-county", "name": "Lincoln County", "state": "ks", "type": "county" },
    { "id": "us-ks-linn-county", "name": "Linn County", "state": "ks", "type": "county" },
    { "id": "us-ks-logan-county", "name": "Logan County", "state": "ks", "type": "county" },
    { "id": "us-ks-lyon-county", "name": "Lyon County", "state": "ks", "type": "county" },
    { "id": "us-ks-mcpherson-county", "name": "McPherson County", "state": "ks", "type": "county" },
    { "id": "us-ks-marion-county", "name": "Marion County", "state": "ks", "type": "county" },
    { "id": "us-ks-marshall-county", "name": "Marshall County", "state": "ks", "type": "county" },
    { "id": "us-ks-meade-county", "name": "Meade County", "state": "ks", "type": "county" },
    { "id": "us-ks-miami-county", "name": "Miami County", "state": "ks", "type": "county" },
    { "id": "us-ks-mitchell-county", "name": "Mitchell County", "state": "ks", "type": "county" },
    { "id": "us-ks-montgomery-county", "name": "Montgomery County", "state": "ks", "type": "county" },
    { "id": "us-ks-morris-county", "name": "Morris County", "state": "ks", "type": "county" },
    { "id": "us-ks-morton-county", "name": "Morton County", "state": "ks", "type": "county" },
    { "id": "us-ks-nemaha-county", "name": "Nemaha County", "state": "ks", "type": "county" },
    { "id": "us-ks-neosho-county", "name": "Neosho County", "state": "ks", "type": "county" },
    { "id": "us-ks-ness-county", "name": "Ness County", "state": "ks", "type": "county" },
    { "id": "us-ks-norton-county", "name": "Norton County", "state": "ks", "type": "county" },
    { "id": "us-ks-osage-county", "name": "Osage County", "state": "ks", "type": "county" },
    { "id": "us-ks-osborne-county", "name": "Osborne County", "state": "ks", "type": "county" },
    { "id": "us-ks-ottawa-county", "name": "Ottawa County", "state": "ks", "type": "county" },
    { "id": "us-ks-pawnee-county", "name": "Pawnee County", "state": "ks", "type": "county" },
    { "id": "us-ks-phillips-county", "name": "Phillips County", "state": "ks", "type": "county" },
    { "id": "us-ks-pottawatomie-county", "name": "Pottawatomie County", "state": "ks", "type": "county" },
    { "id": "us-ks-pratt-county", "name": "Pratt County", "state": "ks", "type": "county" },
    { "id": "us-ks-rawlins-county", "name": "Rawlins County", "state": "ks", "type": "county" },
    { "id": "us-ks-reno-county", "name": "Reno County", "state": "ks", "type": "county" },
    { "id": "us-ks-republic-county", "name": "Republic County", "state": "ks", "type": "county" },
    { "id": "us-ks-rice-county", "name": "Rice County", "state": "ks", "type": "county" },
    { "id": "us-ks-riley-county", "name": "Riley County", "state": "ks", "type": "county" },
    { "id": "us-ks-rooks-county", "name": "Rooks County", "state": "ks", "type": "county" },
    { "id": "us-ks-rush-county", "name": "Rush County", "state": "ks", "type": "county" },
    { "id": "us-ks-russell-county", "name": "Russell County", "state": "ks", "type": "county" },
    { "id": "us-ks-saline-county", "name": "Saline County", "state": "ks", "type": "county" },
    { "id": "us-ks-scott-county", "name": "Scott County", "state": "ks", "type": "county" },
    { "id": "us-ks-sedgwick-county", "name": "Sedgwick County", "state": "ks", "type": "county" },
    { "id": "us-ks-seward-county", "name": "Seward County", "state": "ks", "type": "county" },
    { "id": "us-ks-shawnee-county", "name": "Shawnee County", "state": "ks", "type": "county" },
    { "id": "us-ks-sheridan-county", "name": "Sheridan County", "state": "ks", "type": "county" },
    { "id": "us-ks-sherman-county", "name": "Sherman County", "state": "ks", "type": "county" },
    { "id": "us-ks-smith-county", "name": "Smith County", "state": "ks", "type": "county" },
    { "id": "us-ks-stafford-county", "name": "Stafford County", "state": "ks", "type": "county" },
    { "id": "us-ks-stanton-county", "name": "Stanton County", "state": "ks", "type": "county" },
    { "id": "us-ks-stevens-county", "name": "Stevens County", "state": "ks", "type": "county" },
    { "id": "us-ks-sumner-county", "name": "Sumner County", "state": "ks", "type": "county" },
    { "id": "us-ks-thomas-county", "name": "Thomas County", "state": "ks", "type": "county" },
    { "id": "us-ks-trego-county", "name": "Trego County", "state": "ks", "type": "county" },
    { "id": "us-ks-wabaunsee-county", "name": "Wabaunsee County", "state": "ks", "type": "county" },
    { "id": "us-ks-wallace-county", "name": "Wallace County", "state": "ks", "type": "county" },
    { "id": "us-ks-washington-county", "name": "Washington County", "state": "ks", "type": "county" },
    { "id": "us-ks-wichita-county", "name": "Wichita County", "state": "ks", "type": "county" },
    { "id": "us-ks-wilson-county", "name": "Wilson County", "state": "ks", "type": "county" },
    { "id": "us-ks-woodson-county", "name": "Woodson County", "state": "ks", "type": "county" },
    { "id": "us-ks-wyandotte-county", "name": "Wyandotte County", "state": "ks", "type": "county" }
  ]
}