{
  "areas": [
    { "id": "us-ga-appling-county", "name": "Appling County", "state": "ga", "type": "county" },
    { "id": "us-ga-atkinson-county", "name": "Atkinson County", "state": "ga", "type": "county" },
    { "id": "us-ga-bacon-county", "name": "Bacon County", "state": "ga", "type": "county" },
    { "id": "us-ga-baker-county", "name": "Baker County", "state": "ga", "type": "county" },
    { "id": "us-ga-baldwin-county", "name": "Baldwin County", "state": "ga", "type": "county" },
    { "id": "us-ga-banks-county", "name": "Banks County", "state": "ga", "type": "county" },
    { "id": "us-ga-barrow-county", "name": "Barrow County", "state": "ga", "type": "county" },
    { "id": "us-ga-bartow-county", "name": "Bartow County", "state": "ga", "type": "county" },
    { "id": "us-ga-ben-hill-county", "name": "Ben Hill County", "state": "ga", "type": "county" },
    { "id": "us-ga-berrien-county", "name": "Berrien County", "state": "ga", "type": "county" },
    { "id": "us-ga-bibb-county", "name": "Bibb County", "state": "ga", "type": "county" },
    { "id": "us-ga-bleckley-county", "name": "Bleckley County", "state": "ga", "type": "county" },
    { "id": "us-ga-brantley-county", "name": "Brantley County", "state": "ga", "type": "county" },
    { "id": "us-ga-brooks-county", "name": "Brooks County", "state": "ga", "type": "county" },
    { "id": "us-ga-bryan-county", "name": "Bryan County", "state": "ga", "type": "county" },
    { "id": "us-ga-bulloch-county", "name": "Bulloch County", "state": "ga", "type": "county" },
    { "id": "us-ga-burke-county", "name": "Burke County", "state": "ga", "type": "county" },
    { "id": "us-ga-butts-county", "name": "Butts County", "state": "ga", "type": "county" },
    { "id": "us-ga-calhoun-county", "name": "Calhoun County", "state": "ga", "type": "county" },
    { "id": "us-ga-camden-county", "name": "Camden County", "state": "ga", "type": "county" },
    { "id": "us-ga-candler-county", "name": "Candler County", "state": "ga", "type": "county" },
    { "id": "us-ga-carroll-county", "name": "Carroll County", "state": "ga", "type": "county" },
    { "id": "us-ga-catoosa-county", "name": "Catoosa County", "state": "ga", "type": "county" },
    { "id": "us-ga-charlton-county", "name": "Charlton County", "state": "ga", "type": "county" },
    { "id": "us-ga-chatham-county", "name": "Chatham County", "state": "ga", "type": "county" },
    { "id": "us-ga-chattahoochee-county", "name": "Chattahoochee County", "state": "ga", "type": "county" },
    { "id": "us-ga-chattooga-county", "name": "Chattooga County", "state": "ga", "type": "county" },
    { "id": "us-ga-cherokee-county", "name": "Cherokee County", "state": "ga", "type": "county" },
    { "id": "us-ga-clarke-county", "name": "Clarke County", "state": "ga", "type": "county" },
    { "id": "us-ga-clay-county", "name": "Clay County", "state": "ga", "type": "county" },
    { "id": "us-ga-clayton-county", "name": "Clayton County", "state": "ga", "type": "county" },
    { "id": "us-ga-clinch-county", "name": "Clinch County", "state": "ga", "type": "county" },
    { "id": "us-ga-cobb-county", "name": "Cobb County", "state": "ga", "type": "county" },
    { "id": "us-ga-coffee-county", "name": "Coffee County", "state": "ga", "type": "county" },
    { "id": "us-ga-colquitt-county", "name": "Colquitt County", "state": "ga", "type": "county" },
    { "id": "us-ga-columbia-county", "name": "Columbia County", "state": "ga", "type": "county" },
    { "id": "us-ga-cook-county", "name": "Cook County", "state": "ga", "type": "county" },
    { "id": "us-ga-coweta-county", "name": "Coweta County", "state": "ga", "type": "county" },
    { "id": "us-ga-crawford-county", "name": "Crawford County", "state": "ga", "type": "county" },
    { "id": "us-ga-crisp-county", "name": "Crisp County", "state": "ga", "type": "county" },
    { "id": "us-ga-dade-county", "name": "Dade County", "state": "ga", "type": "county" },
    { "id": "us-ga-dawson-county", "name": "Dawson County", "state": "ga", "type": "county" },
    { "id": "us-ga-decatur-county", "name": "Decatur County", "state": "ga", "type": "county" },
    { "id": "us-ga-dekalb-county", "name": "DeKalb County", "state": "ga", "type": "county" },
    { "id": "us-ga-dodge-county", "name": "Dodge County", "state": "ga", "type": "county" },
    { "id": "us-ga-dooly-county", "name": "Dooly County", "state": "ga", "type": "county" },
    { "id": "us-ga-dougherty-county", "name": "Dougherty County", "state": "ga", "type": "county" },
    { "id": "us-ga-douglas-county", "name": "Douglas County", "state": "ga", "type": "county" },
    { "id": "us-ga-early-county", "name": "Early County", "state": "ga", "type": "county" },
    { "id": "us-ga-echols-county", "name": "Echols County", "state": "ga", "type": "county" },
    { "id": "us-ga-effingham-county", "name": "Effingham County", "state": "ga", "type": "county" },
    { "id": "us-ga-elbert-county", "name": "Elbert County", "state": "ga", "type": "county" },
    { "id": "us-ga-emanuel-county", "name": "Emanuel County", "state": "ga", "type": "county" },
    { "id": "us-ga-evans-county", "name": "Evans County", "state": "ga", "type": "county" },
    { "id": "us-ga-fannin-county", "name": "Fannin County", "state": "ga", "type": "county" },
    { "id": "us-ga-fayette-county", "name": "Fayette County", "state": "ga", "type": "county" },
    { "id": "us-ga-floyd-county", "name": "Floyd County", "state": "ga", "type": "county" },
    { "id": "us-ga-forsyth-county", "name": "Forsyth County", "state": "ga", "type": "county" },
    { "id": "us-ga-franklin-county", "name": "Franklin County", "state": "ga", "type": "county" },
    { "id": "us-ga-fulton-county", "name": "Fulton County", "state": "ga", "type": "county" },
    { "id": "us-ga-gilmer-county", "name": "Gilmer County", "state": "ga", "type": "county" },
    { "id": "us-ga-glascock-county", "name": "Glascock County", "state": "ga", "type": "county" },
    { "id": "us-ga-glynn-county", "name": "Glynn County", "state": "ga", "type": "county" },
    { "id": "us-ga-gordon-county", "name": "Gordon County", "state": "ga", "type": "county" },
    { "id": "us-ga-grady-county", "name": "Grady County", "state": "ga", "type": "county" },
    { "id": "us-ga-greene-county", "name": "Greene County", "state": "ga", "type": "county" },
    { "id": "us-ga-gwinnett-county", "name": "Gwinnett County", "state": "ga", "type": "county" },
    { "id": "us-ga-habersham-county", "name": "Habersham County", "state": "ga", "type": "county" },
    { "id": "us-ga-hall-county", "name": "Hall County", "state": "ga", "type": "county" },
    { "id": "us-ga-hancock-county", "name": "Hancock County", "state": "ga", "type": "county" },
    { "id": "us-ga-haralson-county", "name": "Haralson County", "state": "ga", "type": "county" },
    { "id": "us-ga-harris-county", "name": "Harris County", "state": "ga", "type": "county" },
    { "id": "us-ga-hart-county", "name": "Hart County", "state": "ga", "type": "county" },
    { "id": "us-ga-heard-county", "name": "Heard County", "state": "ga", "type": "county" },
    { "id": "us-ga-henry-county", "name": "Henry County", "state": "ga", "type": "county" },
    { "id": "us-ga-houston-county", "name": "Houston County", "state": "ga", "type": "county" },
    { "id": "us-ga-irwin-county", "name": "Irwin County", "state": "ga", "type": "county" },
    { "id": "us-ga-jackson-county", "name": "Jackson County", "state": "ga", "type": "county" },
    { "id": "us-ga-jasper-county", "name": "Jasper County", "state": "ga", "type": "county" },
    { "id": "us-ga-jeff-davis-county", "name": "Jeff Davis County", "state": "ga", "type": "county" },
    { "id": "us-ga-jefferson-county", "name": "Jefferson County", "state": "ga", "type": "county" },
    { "id": "us-ga-jenkins-county", "name": "Jenkins County", "state": "ga", "type": "county" },
    { "id": "us-ga-johnson-county", "name": "Johnson County", "state": "ga", "type": "county" },
    { "id": "us-ga-jones-county", "name": "Jones County", "state": "ga", "type": "county" },
    { "id": "us-ga-lamar-county", "name": "Lamar County", "state": "ga", "type": "county" },
    { "id": "us-ga-lanier-county", "name": "Lanier County", "state": "ga", "type": "county" },
    { "id": "us-ga-laurens-county", "name": "Laurens County", "state": "ga", "type": "county" },
    { "id": "us-ga-lee-county", "name": "Lee County", "state": "ga", "type": "county" },
    { "id": "us-ga-liberty-county", "name": "Liberty County", "state": "ga", "type": "county" },
    { "id": "us-ga-lincoln-county", "name": "Lincoln County", "state": "ga", "type": "county" },
    { "id": "us-ga-long-county", "name": "Long County", "state": "ga", "type": "county" },
    { "id": "us-ga-lowndes-county", "name": "Lowndes County", "state": "ga", "type": "county" },
    { "id": "us-ga-lumpkin-county", "name": "Lumpkin County", "state": "ga", "type": "county" },
    { "id": "us-ga-macon-county", "name": "Macon County", "state": "ga", "type": "county" },
    { "id": "us-ga-madison-county", "name": "Madison County", "state": "ga", "type": "county" },
    { "id": "us-ga-marion-county", "name": "Marion County", "state": "ga", "type": "county" },
    { "id": "us-ga-mcduffie-county", "name": "McDuffie County", "state": "ga", "type": "county" },
    { "id": "us-ga-mcintosh-county", "name": "McIntosh County", "state": "ga", "type": "county" },
    { "id": "us-ga-meriwether-county", "name": "Meriwether County", "state": "ga", "type": "county" },
    { "id": "us-ga-miller-county", "name": "Miller County", "state": "ga", "type": "county" },
    { "id": "us-ga-mitchell-county", "name": "Mitchell County", "state": "ga", "type": "county" },
    { "id": "us-ga-monroe-county", "name": "Monroe County", "state": "ga", "type": "county" },
    { "id": "us-ga-montgomery-county", "name": "Montgomery County", "state": "ga", "type": "county" },
    { "id": "us-ga-morgan-county", "name": "Morgan County", "state": "ga", "type": "county" },
    { "id": "us-ga-murray-county", "name": "Murray County", "state": "ga", "type": "county" },
    { "id": "us-ga-muscogee-county", "name": "Muscogee County", "state": "ga", "type": "county" },
    { "id": "us-ga-newton-county", "name": "Newton County", "state": "ga", "type": "county" },
    { "id": "us-ga-oconee-county", "name": "Oconee County", "state": "ga", "type": "county" },
    { "id": "us-ga-oglethorpe-county", "name": "Oglethorpe County", "state": "ga", "type": "county" },
    { "id": "us-ga-paulding-county", "name": "Paulding County", "state": "ga", "type": "county" },
    { "id": "us-ga-peach-county", "name": "Peach County", "state": "ga", "type": "county" },
    { "id": "us-ga-pickens-county", "name": "Pickens County", "state": "ga", "type": "county" },
    { "id": "us-ga-pierce-county", "name": "Pierce County", "state": "ga", "type": "county" },
    { "id": "us-ga-pike-county", "name": "Pike County", "state": "ga", "type": "county" },
    { "id": "us-ga-polk-county", "name": "Polk County", "state": "ga", "type": "county" },
    { "id": "us-ga-pulaski-county", "name": "Pulaski County", "state": "ga", "type": "county" },
    { "id": "us-ga-putnam-county", "name": "Putnam County", "state": "ga", "type": "county" },
    { "id": "us-ga-quitman-county", "name": "Quitman County", "state": "ga", "type": "county" },
    { "id": "us-ga-rabun-county", "name": "Rabun County", "state": "ga", "type": "county" },
    { "id": "us-ga-randolph-county", "name": "Randolph County", "state": "ga", "type": "county" },
    { "id": "us-ga-richmond-county", "name": "Richmond County", "state": "ga", "type": "county" },
    { "id": "us-ga-rockdale-county", "name": "Rockdale County", "state": "ga", "type": "county" },
    { "id": "us-ga-schley-county", "name": "Schley County", "state": "ga", "type": "county" },
    { "id": "us-ga-screven-county", "name": "Screven County", "state": "ga", "type": "county" },
    { "id": "us-ga-seminole-county", "name": "Seminole County", "state": "ga", "type": "county" },
    { "id": "us-ga-spalding-county", "name": "Spalding County", "state": "ga", "type": "county" },
    { "id": "us-ga-stephens-county", "name": "Stephens County", "state": "ga", "type": "county" },
    { "id": "us-ga-stewart-county", "name": "Stewart County", "state": "ga", "type": "county" },
    { "id": "us-ga-sumter-county", "name": "Sumter County", "state": "ga", "type": "county" },
    { "id": "us-ga-talbot-county", "name": "Talbot County", "state": "ga", "type": "county" },
    { "id": "us-ga-taliaferro-county", "name": "Taliaferro County", "state": "ga", "type": "county" },
    { "id": "us-ga-tattnall-county", "name": "Tattnall County", "state": "ga", "type": "county" },
    { "id": "us-ga-taylor-county", "name": "Taylor County", "state": "ga", "type": "county" },
    { "id": "us-ga-telfair-county", "name": "Telfair County", "state": "ga", "type": "county" },
    { "id": "us-ga-terrell-county", "name": "Terrell County", "state": "ga", "type": "county" },
    { "id": "us-ga-thomas-county", "name": "Thomas County", "state": "ga", "type": "county" },
    { "id": "us-ga-tift-county", "name": "Tift County", "state": "ga", "type": "county" },
    { "id": "us-ga-toombs-county", "name": "Toombs County", "state": "ga", "type": "county" },
    { "id": "us-ga-towns-county", "name": "Towns County", "state": "ga", "type": "county" },
    { "id": "us-ga-treutlen-county", "name": "Treutlen County", "state": "ga", "type": "county" },
    { "id": "us-ga-troup-county", "name": "Troup County", "state": "ga", "type": "county" },
    { "id": "us-ga-turner-county", "name": "Turner County", "state": "ga", "type": "county" },
    { "id": "us-ga-twiggs-county", "name": "Twiggs County", "state": "ga", "type": "county" },
    { "id": "us-ga-union-county", "name": "Union County", "state": "ga", "type": "county" },
    { "id": "us-ga-upson-county", "name": "Upson County", "state": "ga", "type": "county" },
    { "id": "us-ga-walker-county", "name": "Walker County", "state": "ga", "type": "county" },
    { "id": "us-ga-walton-county", "name": "Walton County", "state": "ga", "type": "county" },
    { "id": "us-ga-ware-county", "name": "Ware County", "state": "ga", "type": "county" },
    { "id": "us-ga-warren-county", "name": "Warren County", "state": "ga", "type": "county" },
    { "id": "us-ga-washington-county", "name": "Washington County", "state": "ga", "type": "county" },
    { "id": "us-ga-wayne-county", "name": "Wayne County", "state": "ga", "type": "county" },
    { "id": "us-ga-webster-county", "name": "Webster County", "state": "ga", "type": "county" },
    { "id": "us-ga-wheeler-county", "name": "Wheeler County", "state": "ga", "type": "county" },
    { "id": "us-ga-white-county", "name": "White County", "state": "ga", "type": "county" },
    { "id": "us-ga-whitfield-county", "name": "Whitfield County", "state": "ga", "type": "county" },
    { "id": "us-ga-wilcox-county", "name": "Wilcox County", "state": "ga", "type": "county" },
    { "id": "us-ga-wilkes-county", "name": "Wilkes County", "state": "ga", "type": "county" },
    { "id": "us-ga-wilkinson-county", "name": "Wilkinson County", "state": "ga", "type": "county" },
    { "id": "us-ga-worth-county", "name": "Worth County", "state": "ga", "type": "county" }
  ]
}