{
  "areas": [
    { "id": "us-la-acadia-parish", "name": "Acadia Parish", "state": "la", "type": "parish" },
    { "id": "us-la-allen-parish", "name": "Allen Parish", "state": "la", "type": "parish" },
    { "id": "us-la-ascension-parish", "name": "Ascension Parish", "state": "la", "type": "parish" },
    { "id": "us-la-assumption-parish", "name": "Assumption Parish", "state": "la", "type": "parish" },
    { "id": "us-la-avoyelles-parish", "name": "Avoyelles Parish", "state": "la", "type": "parish" },
    { "id": "us-la-beauregard-parish", "name": "Beauregard Parish", "state": "la", "type": "parish" },
    { "id": "us-la-bienville-parish", "name": "Bienville Parish", "state": "la", "type": "parish" },
    { "id": "us-la-bossier-parish", "name": "Bossier Parish", "state": "la", "type": "parish" },
    { "id": "us-la-caddo-parish", "name": "Caddo Parish", "state": "la", "type": "parish" },
    { "id": "us-la-calcasieu-parish", "name": "Calcasieu Parish", "state": "la", "type": "parish" },
    { "id": "us-la-caldwell-parish", "name": "Caldwell Parish", "state": "la", "type": "parish" },
    { "id": "us-la-cameron-parish", "name": "Cameron Parish", "state": "la", "type": "parish" },
    { "id": "us-la-catahoula-parish", "name": "Catahoula Parish", "state": "la", "type": "parish" },
    { "id": "us-la-claiborne-parish", "name": "Claiborne Parish", "state": "la", "type": "parish" },
    { "id": "us-la-concordia-parish", "name": "Concordia Parish", "state": "la", "type": "parish" },
    { "id": "us-la-de-soto-parish", "name": "De Soto Parish", "state": "la", "type": "parish" },
    { "id": "us-la-east-baton-rouge-parish", "name": "East Baton Rouge Parish", "state": "la", "type": "parish" },
    { "id": "us-la-east-carroll-parish", "name": "East Carroll Parish", "state": "la", "type": "parish" },
    { "id": "us-la-east-feliciana-parish", "name": "East Feliciana Parish", "state": "la", "type": "parish" },
    { "id": "us-la-evangeline-parish", "name": "Evangeline Parish", "state": "la", "type": "parish" },
    { "id": "us-la-franklin-parish", "name": "Franklin Parish", "state": "la", "type": "parish" },
    { "id": "us-la-grant-parish", "name": "Grant Parish", "state": "la", "type": "parish" },
    { "id": "us-la-iberia-parish", "name": "Iberia Parish", "state": "la", "type": "parish" },
    { "id": "us-la-iberville-parish", "name": "Iberville Parish", "state": "la", "type": "parish" },
    { "id": "us-la-jackson-parish", "name": "Jackson Parish", "state": "la", "type": "parish" },
    { "id": "us-la-jefferson-parish", "name": "Jefferson Parish", "state": "la", "type": "parish" },
    { "id": "us-la-jefferson-davis-parish", "name": "Jefferson Davis Parish", "state": "la", "type": "parish" },
    { "id": "us-la-lafayette-parish", "name": "Lafayette Parish", "state": "la", "type": "parish" },
    { "id": "us-la-lafourche-parish", "name": "Lafourche Parish", "state": "la", "type": "parish" },
    { "id": "us-la-la-salle-parish", "name": "La Salle Parish", "state": "la", "type": "parish" },
    { "id": "us-la-lincoln-parish", "name": "Lincoln Parish", "state": "la", "type": "parish" },
    { "id": "us-la-livingston-parish", "name": "Livingston Parish", "state": "la", "type": "parish" },
    { "id": "us-la-madison-parish", "name": "Madison Parish", "state": "la", "type": "parish" },
    { "id": "us-la-morehouse-parish", "name": "Morehouse Parish", "state": "la", "type": "parish" },
    { "id": "us-la-natchitoches-parish", "name": "Natchitoches Parish", "state": "la", "type": "parish" },
    { "id": "us-la-orleans-parish", "name": "Orleans Parish", "state": "la", "type": "parish" },
    { "id": "us-la-ouachita-parish", "name": "Ouachita Parish", "state": "la", "type": "parish" },
    { "id": "us-la-plaquemines-parish", "name": "Plaquemines Parish", "state": "la", "type": "parish" },
    { "id": "us-la-pointe-coupee-parish", "name": "Pointe Coupee Parish", "state": "la", "type": "parish" },
    { "id": "us-la-rapides-parish", "name": "Rapides Parish", "state": "la", "type": "parish" },
    { "id": "us-la-red-river-parish", "name": "Red River Parish", "state": "la", "type": "parish" },
    { "id": "us-la-richland-parish", "name": "Richland Parish", "state": "la", "type": "parish" },
    { "id": "us-la-sabine-parish", "name": "Sabine Parish", "state": "la", "type": "parish" },
    { "id": "us-la-st-bernard-parish", "name": "St. Bernard Parish", "state": "la", "type": "parish" },
    { "id": "us-la-st-charles-parish", "name": "St. Charles Parish", "state": "la", "type": "parish" },
    { "id": "us-la-st-helena-parish", "name": "St. Helena Parish", "state": "la", "type": "parish" },
    { "id": "us-la-st-james-parish", "name": "St. James Parish", "state": "la", "type": "parish" },
    { "id": "us-la-st-john-the-baptist-parish", "name": "St. John the Baptist Parish", "state": "la", "type": "parish" },
    { "id": "us-la-st-landry-parish", "name": "St. Landry Parish", "state": "la", "type": "parish" },
    { "id": "us-la-st-martin-parish", "name": "St. Martin Parish", "state": "la", "type": "parish" },
    { "id": "us-la-st-mary-parish", "name": "St. Mary Parish", "state": "la", "type": "parish" },
    { "id": "us-la-st-tammany-parish", "name": "St. Tammany Parish", "state": "la", "type": "parish" },
    { "id": "us-la-tangipahoa-parish", "name": "Tangipahoa Parish", "state": "la", "type": "parish" },
    { "id": "us-la-tensas-parish", "name": "Tensas Parish", "state": "la", "type": "parish" },
    { "id": "us-la-terrebonne-parish", "name": "Terrebonne Parish", "state": "la", "type": "parish" },
    { "id": "us-la-union-parish", "name": "Union Parish", "state": "la", "type": "parish" },
    { "id": "us-la-vermilion-parish", "name": "Vermilion Parish", "state": "la", "type": "parish" },
    { "id": "us-la-vernon-parish", "name": "Vernon Parish", "state": "la", "type": "parish" },
    { "id": "us-la-washington-parish", "name": "Washington Parish", "state": "la", "type": "parish" },
    { "id": "us-la-webster-parish", "name": "Webster Parish", "state": "la", "type": "parish" },
    { "id": "us-la-west-baton-rouge-parish", "name": "West Baton Rouge Parish", "state": "la", "type": "parish" },
    { "id": "us-la-west-carroll-parish", "name": "West Carroll Parish", "state": "la", "type": "parish" },
    { "id": "us-la-west-feliciana-parish", "name": "West Feliciana Parish", "state": "la", "type": "parish" },
    { "id": "us-la-winn-parish", "name": "Winn Parish", "state": "la", "type": "parish" }
  ]
}