{
  "areas": [
    { "id": "us-ky-adair-county", "name": "Adair County", "state": "ky", "type": "county" },
    { "id": "us-ky-allen-county", "name": "Allen County", "state": "ky", "type": "county" },
    { "id": "us-ky-anderson-county", "name": "Anderson County", "state": "ky", "type": "county" },
    { "id": "us-ky-ballard-county", "name": "Ballard County", "state": "ky", "type": "county" },
    { "id": "us-ky-barren-county", "name": "Barren County", "state": "ky", "type": "county" },
    { "id": "us-ky-bath-county", "name": "Bath County", "state": "ky", "type": "county" },
    { "id": "us-ky-bell-county", "name": "Bell County", "state": "ky", "type": "county" },
    { "id": "us-ky-boone-county", "name": "Boone County", "state": "ky", "type": "county" },
    { "id": "us-ky-bourbon-county", "name": "Bourbon County", "state": "ky", "type": "county" },
    { "id": "us-ky-boyd-county", "name": "Boyd County", "state": "ky", "type": "county" },
    { "id": "us-ky-boyle-county", "name": "Boyle County", "state": "ky", "type": "county" },
    { "id": "us-ky-bracken-county", "name": "Bracken County", "state": "ky", "type": "county" },
    { "id": "us-ky-breathitt-county", "name": "Breathitt County", "state": "ky", "type": "county" },
    { "id": "us-ky-breckinridge-county", "name": "Breckinridge County", "state": "ky", "type": "county" },
    { "id": "us-ky-bullitt-county", "name": "Bullitt County", "state": "ky", "type": "county" },
    { "id": "us-ky-butler-county", "name": "Butler County", "state": "ky", "type": "county" },
    { "id": "us-ky-caldwell-county", "name": "Caldwell County", "state": "ky", "type": "county" },
    { "id": "us-ky-calloway-county", "name": "Calloway County", "state": "ky", "type": "county" },
    { "id": "us-ky-campbell-county", "name": "Campbell County", "state": "ky", "type": "county" },
    { "id": "us-ky-carlisle-county", "name": "Carlisle County", "state": "ky", "type": "county" },
    { "id": "us-ky-carroll-county", "name": "Carroll County", "state": "ky", "type": "county" },
    { "id": "us-ky-carter-county", "name": "Carter County", "state": "ky", "type": "county" },
    { "id": "us-ky-casey-county", "name": "Casey County", "state": "ky", "type": "county" },
    { "id": "us-ky-christian-county", "name": "Christian County", "state": "ky", "type": "county" },
    { "id": "us-ky-clark-county", "name": "Clark County", "state": "ky", "type": "county" },
    { "id": "us-ky-clay-county", "name": "Clay County", "state": "ky", "type": "county" },
    { "id": "us-ky-clinton-county", "name": "Clinton County", "state": "ky", "type": "county" },
    { "id": "us-ky-crittenden-county", "name": "Crittenden County", "state": "ky", "type": "county" },
    { "id": "us-ky-cumberland-county", "name": "Cumberland County", "state": "ky", "type": "county" },
    { "id": "us-ky-daviess-county", "name": "Daviess County", "state": "ky", "type": "county" },
    { "id": "us-ky-edmonson-county", "name": "Edmonson County", "state": "ky", "type": "county" },
    { "id": "us-ky-elliott-county", "name": "Elliott County", "state": "ky", "type": "county" },
    { "id": "us-ky-estill-county", "name": "Estill County", "state": "ky", "type": "county" },
    { "id": "us-ky-fayette-county", "name": "Fayette County", "state": "ky", "type": "county" },
    { "id": "us-ky-fleming-county", "name": "Fleming County", "state": "ky", "type": "county" },
    { "id": "us-ky-floyd-county", "name": "Floyd County", "state": "ky", "type": "county" },
    { "id": "us-ky-franklin-county", "name": "Franklin County", "state": "ky", "type": "county" },
    { "id": "us-ky-fulton-county", "name": "Fulton County", "state": "ky", "type": "county" },
    { "id": "us-ky-gallatin-county", "name": "Gallatin County", "state": "ky", "type": "county" },
    { "id": "us-ky-garrard-county", "name": "Garrard County", "state": "ky", "type": "county" },
    { "id": "us-ky-grant-county", "name": "Grant County", "state": "ky", "type": "county" },
    { "id": "us-ky-graves-county", "name": "Graves County", "state": "ky", "type": "county" },
    { "id": "us-ky-grayson-county", "name": "Grayson County", "state": "ky", "type": "county" },
    { "id": "us-ky-green-county", "name": "Green County", "state": "ky", "type": "county" },
    { "id": "us-ky-greenup-county", "name": "Greenup County", "state": "ky", "type": "county" },
    { "id": "us-ky-hancock-county", "name": "Hancock County", "state": "ky", "type": "county" },
    { "id": "us-ky-hardin-county", "name": "Hardin County", "state": "ky", "type": "county" },
    { "id": "us-ky-harlan-county", "name": "Harlan County", "state": "ky", "type": "county" },
    { "id": "us-ky-harrison-county", "name": "Harrison County", "state": "ky", "type": "county" },
    { "id": "us-ky-hart-county", "name": "Hart County", "state": "ky", "type": "county" },
    { "id": "us-ky-henderson-county", "name": "Henderson County", "state": "ky", "type": "county" },
    { "id": "us-ky-henry-county", "name": "Henry County", "state": "ky", "type": "county" },
    { "id": "us-ky-hickman-county", "name": "Hickman County", "state": "ky", "type": "county" },
    { "id": "us-ky-hopkins-county", "name": "Hopkins County", "state": "ky", "type": "county" },
    { "id": "us-ky-jackson-county", "name": "Jackson County", "state": "ky", "type": "county" },
    { "id": "us-ky-jefferson-county", "name": "Jefferson County", "state": "ky", "type": "county" },
    { "id": "us-ky-jessamine-county", "name": "Jessamine County", "state": "ky", "type": "county" },
    { "id": "us-ky-johnson-county", "name": "Johnson County", "state": "ky", "type": "county" },
    { "id": "us-ky-kenton-county", "name": "Kenton County", "state": "ky", "type": "county" },
    { "id": "us-ky-knott-county", "name": "Knott County", "state": "ky", "type": "county" },
    { "id": "us-ky-knox-county", "name": "Knox County", "state": "ky", "type": "county" },
    { "id": "us-ky-larue-county", "name": "Larue County", "state": "ky", "type": "county" },
    { "id": "us-ky-laurel-county", "name": "Laurel County", "state": "ky", "type": "county" },
    { "id": "us-ky-lawrence-county", "name": "Lawrence County", "state": "ky", "type": "county" },
    { "id": "us-ky-lee-county", "name": "Lee County", "state": "ky", "type": "county" },
    { "id": "us-ky-leslie-county", "name": "Leslie County", "state": "ky", "type": "county" },
    { "id": "us-ky-letcher-county", "name": "Letcher County", "state": "ky", "type": "county" },
    { "id": "us-ky-lewis-county", "name": "Lewis County", "state": "ky", "type": "county" },
    { "id": "us-ky-lincoln-county", "name": "Lincoln County", "state": "ky", "type": "county" },
    { "id": "us-ky-livingston-county", "name": "Livingston County", "state": "ky", "type": "county" },
    { "id": "us-ky-logan-county", "name": "Logan County", "state": "ky", "type": "county" },
    { "id": "us-ky-lyon-county", "name": "Lyon County", "state": "ky", "type": "county" },
    { "id": "us-ky-mccracken-county", "name": "McCracken County", "state": "ky", "type": "county" },
    { "id": "us-ky-mccreary-county", "name": "McCreary County", "state": "ky", "type": "county" },
    { "id": "us-ky-mclean-county", "name": "McLean County", "state": "ky", "type": "county" },
    { "id": "us-ky-madison-county", "name": "Madison County", "state": "ky", "type": "county" },
    { "id": "us-ky-magoffin-county", "name": "Magoffin County", "state": "ky", "type": "county" },
    { "id": "us-ky-marion-county", "name": "Marion County", "state": "ky", "type": "county" },
    { "id": "us-ky-marshall-county", "name": "Marshall County", "state": "ky", "type": "county" },
    { "id": "us-ky-martin-county", "name": "Martin County", "state": "ky", "type": "county" },
    { "id": "us-ky-mason-county", "name": "Mason County", "state": "ky", "type": "county" },
    { "id": "us-ky-meade-county", "name": "Meade County", "state": "ky", "type": "county" },
    { "id": "us-ky-menifee-county", "name": "Menifee County", "state": "ky", "type": "county" },
    { "id": "us-ky-mercer-county", "name": "Mercer County", "state": "ky", "type": "county" },
    { "id": "us-ky-metcalfe-county", "name": "Metcalfe County", "state": "ky", "type": "county" },
    { "id": "us-ky-monroe-county", "name": "Monroe County", "state": "ky", "type": "county" },
    { "id": "us-ky-montgomery-county", "name": "Montgomery County", "state": "ky", "type": "county" },
    { "id": "us-ky-morgan-county", "name": "Morgan County", "state": "ky", "type": "county" },
    { "id": "us-ky-muhlenberg-county", "name": "Muhlenberg County", "state": "ky", "type": "county" },
    { "id": "us-ky-nelson-county", "name": "Nelson County", "state": "ky", "type": "county" },
    { "id": "us-ky-nicholas-county", "name": "Nicholas County", "state": "ky", "type": "county" },
    { "id": "us-ky-ohio-county", "name": "Ohio County", "state": "ky", "type": "county" },
    { "id": "us-ky-oldham-county", "name": "Oldham County", "state": "ky", "type": "county" },
    { "id": "us-ky-owen-county", "name": "Owen County", "state": "ky", "type": "county" },
    { "id": "us-ky-owsley-county", "name": "Owsley County", "state": "ky", "type": "county" },
    { "id": "us-ky-pendleton-county", "name": "Pendleton County", "state": "ky", "type": "county" },
    { "id": "us-ky-perry-county", "name": "Perry County", "state": "ky", "type": "county" },
    { "id": "us-ky-pike-county", "name": "Pike County", "state": "ky", "type": "county" },
    { "id": "us-ky-powell-county", "name": "Powell County", "state": "ky", "type": "county" },
    { "id": "us-ky-pulaski-county", "name": "Pulaski County", "state": "ky", "type": "county" },
    { "id": "us-ky-robertson-county", "name": "Robertson County", "state": "ky", "type": "county" },
    { "id": "us-ky-rockcastle-county", "name": "Rockcastle County", "state": "ky", "type": "county" },
    { "id": "us-ky-rowan-county", "name": "Rowan County", "state": "ky", "type": "county" },
    { "id": "us-ky-russell-county", "name": "Russell County", "state": "ky", "type": "county" },
    { "id": "us-ky-scott-county", "name": "Scott County", "state": "ky", "type": "county" },
    { "id": "us-ky-shelby-county", "name": "Shelby County", "state": "ky", "type": "county" },
    { "id": "us-ky-simpson-county", "name": "Simpson County", "state": "ky", "type": "county" },
    { "id": "us-ky-spencer-county", "name": "Spencer County", "state": "ky", "type": "county" },
    { "id": "us-ky-taylor-county", "name": "Taylor County", "state": "ky", "type": "county" },
    { "id": "us-ky-todd-county", "name": "Todd County", "state": "ky", "type": "county" },
    { "id": "us-ky-trigg-county", "name": "Trigg County", "state": "ky", "type": "county" },
    { "id": "us-ky-trimble-county", "name": "Trimble County", "state": "ky", "type": "county" },
    { "id": "us-ky-union-county", "name": "Union County", "state": "ky", "type": "county" },
    { "id": "us-ky-warren-county", "name": "Warren County", "state": "ky", "type": "county" },
    { "id": "us-ky-washington-county", "name": "Washington County", "state": "ky", "type": "county" },
    { "id": "us-ky-wayne-county", "name": "Wayne County", "state": "ky", "type": "county" },
    { "id": "us-ky-webster-county", "name": "Webster County", "state": "ky", "type": "county" },
    { "id": "us-ky-whitley-county", "name": "Whitley County", "state": "ky", "type": "county" },
    { "id": "us-ky-wolfe-county", "name": "Wolfe County", "state": "ky", "type": "county" },
    { "id": "us-ky-woodford-county", "name": "Woodford County", "state": "ky", "type": "county" }
  ]
}