{
  "areas": [
    { "id": "us-or-baker-county", "name": "Baker County", "state": "or", "type": "county" },
    { "id": "us-or-benton-county", "name": "Benton County", "state": "or", "type": "county" },
    { "id": "us-or-clackamas-county", "name": "Clackamas County", "state": "or", "type": "county" },
    { "id": "us-or-clatsop-county", "name": "Clatsop County", "state": "or", "type": "county" },
    { "id": "us-or-columbia-county", "name": "Columbia County", "state": "or", "type": "county" },
    { "id": "us-or-coos-county", "name": "Coos County", "state": "or", "type": "county" },
    { "id": "us-or-crook-county", "name": "Crook County", "state": "or", "type": "county" },
    { "id": "us-or-curry-county", "name": "Curry County", "state": "or", "type": "county" },
    { "id": "us-or-deschutes-county", "name": "Deschutes County", "state": "or", "type": "county" },
    { "id": "us-or-douglas-county", "name": "Douglas County", "state": "or", "type": "county" },
    { "id": "us-or-gilliam-county", "name": "Gilliam County", "state": "or", "type": "county" },
    { "id": "us-or-grant-county", "name": "Grant County", "state": "or", "type": "county" },
    { "id": "us-or-harney-county", "name": "Harney County", "state": "or", "type": "county" },
    { "id": "us-or-hood-river-county", "name": "Hood River County", "state": "or", "type": "county" },
    { "id": "us-or-jackson-county", "name": "Jackson County", "state": "or", "type": "county" },
    { "id": "us-or-jefferson-county", "name": "Jefferson County", "state": "or", "type": "county" },
    { "id": "us-or-josephine-county", "name": "Josephine County", "state": "or", "type": "county" },
    { "id": "us-or-klamath-county", "name": "Klamath County", "state": "or", "type": "county" },
    { "id": "us-or-lake-county", "name": "Lake County", "state": "or", "type": "county" },
    { "id": "us-or-lane-county", "name": "Lane County", "state": "or", "type": "county" },
    { "id": "us-or-lincoln-county", "name": "Lincoln County", "state": "or", "type": "county" },
    { "id": "us-or-linn-county", "name": "Linn County", "state": "or", "type": "county" },
    { "id": "us-or-malheur-county", "name": "Malheur County", "state": "or", "type": "county" },
    { "id": "us-or-marion-county", "name": "Marion County", "state": "or", "type": "county" },
    { "id": "us-or-morrow-county", "name": "Morrow County", "state": "or", "type": "county" },
    { "id": "us-or-multnomah-county", "name": "Multnomah County", "state": "or", "type": "county" },
    { "id": "us-or-polk-county", "name": "Polk County", "state": "or", "type": "county" },
    { "id": "us-or-sherman-county", "name": "Sherman County", "state": "or", "type": "county" },
    { "id": "us-or-tillamook-county", "name": "Tillamook County", "state": "or", "type": "county" },
    { "id": "us-or-umatilla-county", "name": "Umatilla County", "state": "or", "type": "county" },
    { "id": "us-or-union-county", "name": "Union County", "state": "or", "type": "county" },
    { "id": "us-or-wallowa-county", "name": "Wallowa County", "state": "or", "type": "county" },
    { "id": "us-or-wasco-county", "name": "Wasco County", "state": "or", "type": "county" },
    { "id": "us-or-washington-county", "name": "Washington County", "state": "or", "type": "county" },
    { "id": "us-or-wheeler-county", "name": "Wheeler County", "state": "or", "type": "county" },
    { "id": "us-or-yamhill-county", "name": "Yamhill County", "state": "or", "type": "county" }
  ]
}