{
  "areas": [
    { "id": "us-ak-aleutians-east-borough", "name": "Aleutians East Borough", "state": "ak", "type": "borough" },
    { "id": "us-ak-aleutians-west-census-area", "name": "Aleutians West Census Area", "state": "ak", "type": "census area" },
    { "id": "us-ak-anchorage-municipality", "name": "Anchorage Municipality", "state": "ak", "type": "borough" },
    { "id": "us-ak-bethel-census-area", "name": "Bethel Census Area", "state": "ak", "type": "census area" },
    { "id": "us-ak-bristol-bay-borough", "name": "Bristol Bay Borough", "state": "ak", "type": "borough" },
    { "id": "us-ak-chugach-census-area", "name": "Chugach Census Area", "state": "ak", "type": "census area" },
    { "id": "us-ak-copper-river-census-area", "name": "Copper River Census Area", "state": "ak", "type": "census area" },
    { "id": "us-ak-denali-borough", "name": "Denali Borough", "state": "ak", "type": "borough" },
    { "id": "us-ak-dillingham-census-area", "name": "Dillingham Census Area", "state": "ak", "type": "census area" },
    { "id": "us-ak-fairbanks-north-star-borough", "name": "Fairbanks North Star Borough", "state": "ak", "type": "borough" },
    { "id": "us-ak-haines-borough", "name": "Haines Borough", "state": "ak", "type": "borough" },
    { "id": "us-ak-hoonah-angoon-census-area", "name": "Hoonah-Angoon Census Area", "state": "ak", "type": "census area" },
    { "id": "us-ak-juneau-city-and-borough", "name": "Juneau City and Borough", "state": "ak", "type": "borough" },
    { "id": "us-ak-kenai-peninsula-borough", "name": "Kenai Peninsula Borough", "state": "ak", "type": "borough" },
    { "id": "us-ak-ketchikan-gateway-borough", "name": "Ketchikan Gateway Borough", "state": "ak", "type": "borough" },
    { "id": "us-ak-kodiak-island-borough", "name": "Kodiak Island Borough", "state": "ak", "type": "borough" },
    { "id": "us-ak-kusilvak-census-area", "name": "Kusilvak Census Area", "state": "ak", "type": "census area" },
    { "id": "us-ak-lake-and-peninsula-borough", "name": "Lake and Peninsula Borough", "state": "ak", "type": "borough" },
    { "id": "us-ak-matanuska-susitna-borough", "name": "Matanuska-Susitna Borough", "state": "ak", "type": "borough" },
    { "id": "us-ak-nome-census-area", "name": "Nome Census Area", "state": "ak", "type": "census area" },
    { "id": "us-ak-north-slope-borough", "name": "North Slope Borough", "state": "ak", "type": "borough" },
    { "id": "us-ak-northwest-arctic-borough", "name": "Northwest Arctic Borough", "state": "ak", "type": "borough" },
    { "id": "us-ak-petersburg-borough", "name": "Petersburg Borough", "state": "ak", "type": "borough" },
    { "id": "us-ak-prince-of-wales-hyder-census-area", "name": "Prince of Wales-Hyder Census Area", "state": "ak", "type": "census area" },
    { "id": "us-ak-sitka-city-and-borough", "name": "Sitka City and Borough", "state": "ak", "type": "borough" },
    { "id": "us-ak-skagway-municipality", "name": "Skagway Municipality", "state": "ak", "type": "borough" },
    { "id": "us-ak-southeast-fairbanks-census-area", "name": "Southeast Fairbanks Census Area", "state": "ak", "type": "census area" },
    { "id": "us-ak-wrangell-city-and-borough", "name": "Wrangell City and Borough", "state": "ak", "type": "borough" },
    { "id": "us-ak-yakutat-city-and-borough", "name": "Yakutat City and Borough", "state": "ak", "type": "borough" },
    { "id": "us-ak-yukon-koyukuk-census-area", "name": "Yukon-Koyukuk Census Area", "state": "ak", "type": "census area" }
  ]
}