{
  "areas": [
    { "id": "us-ok-adair-county", "name": "Adair County", "state": "ok", "type": "county" },
    { "id": "us-ok-alfalfa-county", "name": "Alfalfa County", "state": "ok", "type": "county" },
    { "id": "us-ok-atoka-county", "name": "Atoka County", "state": "ok", "type": "county" },
    { "id": "us-ok-beaver-county", "name": "Beaver County", "state": "ok", "type": "county" },
    { "id": "us-ok-beckham-county", "name": "Beckham County", "state": "ok", "type": "county" },
    { "id": "us-ok-blaine-county", "name": "Blaine County", "state": "ok", "type": "county" },
    { "id": "us-ok-bryan-county", "name": "Bryan County", "state": "ok", "type": "county" },
    { "id": "us-ok-caddo-county", "name": "Caddo County", "state": "ok", "type": "county" },
    { "id": "us-ok-canadian-county", "name": "Canadian County", "state": "ok", "type": "county" },
    { "id": "us-ok-carter-county", "name": "Carter County", "state": "ok", "type": "county" },
    { "id": "us-ok-cherokee-county", "name": "Cherokee County", "state": "ok", "type": "county" },
    { "id": "us-ok-choctaw-county", "name": "Choctaw County", "state": "ok", "type": "county" },
    { "id": "us-ok-cimarron-county", "name": "Cimarron County", "state": "ok", "type": "county" },
    { "id": "us-ok-cleveland-county", "name": "Cleveland County", "state": "ok", "type": "county" },
    { "id": "us-ok-coal-county", "name": "Coal County", "state": "ok", "type": "county" },
    { "id": "us-ok-comanche-county", "name": "Comanche County", "state": "ok", "type": "county" },
    { "id": "us-ok-cotton-county", "name": "Cotton County", "state": "ok", "type": "county" },
    { "id": "us-ok-craig-county", "name": "Craig County", "state": "ok", "type": "county" },
    { "id": "us-ok-creek-county", "name": "Creek County", "state": "ok", "type": "county" },
    { "id": "us-ok-custer-county", "name": "Custer County", "state": "ok", "type": "county" },
    { "id": "us-ok-delaware-county", "name": "Delaware County", "state": "ok", "type": "county" },
    { "id": "us-ok-dewey-county", "name": "Dewey County", "state": "ok", "type": "county" },
    { "id": "us-ok-ellis-county", "name": "Ellis County", "state": "ok", "type": "county" },
    { "id": "us-ok-garfield-county", "name": "Garfield County", "state": "ok", "type": "county" },
    { "id": "us-ok-garvin-county", "name": "Garvin County", "state": "ok", "type": "county" },
    { "id": "us-ok-grady-county", "name": "Grady County", "state": "ok", "type": "county" },
    { "id": "us-ok-grant-county", "name": "Grant County", "state": "ok", "type": "county" },
    { "id": "us-ok-greer-county", "name": "Greer County", "state": "ok", "type": "county" },
    { "id": "us-ok-harmon-county", "name": "Harmon County", "state": "ok", "type": "county" },
    { "id": "us-ok-harper-county", "name": "Harper County", "state": "ok", "type": "county" },
    { "id": "us-ok-haskell-county", "name": "Haskell County", "state": "ok", "type": "county" },
    { "id": "us-ok-hughes-county", "name": "Hughes County", "state": "ok", "type": "county" },
    { "id": "us-ok-jackson-county", "name": "Jackson County", "state": "ok", "type": "county" },
    { "id": "us-ok-jefferson-county", "name": "Jefferson County", "state": "ok", "type": "county" },
    { "id": "us-ok-johnston-county", "name": "Johnston County", "state": "ok", "type": "county" },
    { "id": "us-ok-kay-county", "name": "Kay County", "state": "ok", "type": "county" },
    { "id": "us-ok-kingfisher-county", "name": "Kingfisher County", "state": "ok", "type": "county" },
    { "id": "us-ok-kiowa-county", "name": "Kiowa County", "state": "ok", "type": "county" },
    { "id": "us-ok-latimer-county", "name": "Latimer County", "state": "ok", "type": "county" },
    { "id": "us-ok-le-flore-county", "name": "Le Flore County", "state": "ok", "type": "county" },
    { "id": "us-ok-lincoln-county", "name": "Lincoln County", "state": "ok", "type": "county" },
    { "id": "us-ok-logan-county", "name": "Logan County", "state": "ok", "type": "county" },
    { "id": "us-ok-love-county", "name": "Love County", "state": "ok", "type": "county" },
    { "id": "us-ok-mcclain-county", "name": "McClain County", "state": "ok", "type": "county" },
    { "id": "us-ok-mccurtain-county", "name": "McCurtain County", "state": "ok", "type": "county" },
    { "id": "us-ok-mcintosh-county", "name": "McIntosh County", "state": "ok", "type": "county" },
    { "id": "us-ok-major-county", "name": "Major County", "state": "ok", "type": "county" },
    { "id": "us-ok-marshall-county", "name": "Marshall County", "state": "ok", "type": "county" },
    { "id": "us-ok-mayes-county", "name": "Mayes County", "state": "ok", "type": "county" },
    { "id": "us-ok-murray-county", "name": "Murray County", "state": "ok", "type": "county" },
    { "id": "us-ok-muskogee-county", "name": "Muskogee County", "state": "ok", "type": "county" },
    { "id": "us-ok-noble-county", "name": "Noble County", "state": "ok", "type": "county" },
    { "id": "us-ok-nowata-county", "name": "Nowata County", "state": "ok", "type": "county" },
    { "id": "us-ok-okfuskee-county", "name": "Okfuskee County", "state": "ok", "type": "county" },
    { "id": "us-ok-oklahoma-county", "name": "Oklahoma County", "state": "ok", "type": "county" },
    { "id": "us-ok-okmulgee-county", "name": "Okmulgee County", "state": "ok", "type": "county" },
    { "id": "us-ok-osage-county", "name": "Osage County", "state": "ok", "type": "county" },
    { "id": "us-ok-ottawa-county", "name": "Ottawa County", "state": "ok", "type": "county" },
    { "id": "us-ok-pawnee-county", "name": "Pawnee County", "state": "ok", "type": "county" },
    { "id": "us-ok-payne-county", "name": "Payne County", "state": "ok", "type": "county" },
    { "id": "us-ok-pittsburg-county", "name": "Pittsburg County", "state": "ok", "type": "county" },
    { "id": "us-ok-pontotoc-county", "name": "Pontotoc County", "state": "ok", "type": "county" },
    { "id": "us-ok-pottawatomie-county", "name": "Pottawatomie County", "state": "ok", "type": "county" },
    { "id": "us-ok-pushmataha-county", "name": "Pushmataha County", "state": "ok", "type": "county" },
    { "id": "us-ok-roger-mills-county", "name": "Roger Mills County", "state": "ok", "type": "county" },
    { "id": "us-ok-rogers-county", "name": "Rogers County", "state": "ok", "type": "county" },
    { "id": "us-ok-seminole-county", "name": "Seminole County", "state": "ok", "type": "county" },
    { "id": "us-ok-sequoyah-county", "name": "Sequoyah County", "state": "ok", "type": "county" },
    { "id": "us-ok-stephens-county", "name": "Stephens County", "state": "ok", "type": "county" },
    { "id": "us-ok-texas-county", "name": "Texas County", "state": "ok", "type": "county" },
    { "id": "us-ok-tillman-county", "name": "Tillman County", "state": "ok", "type": "county" },
    { "id": "us-ok-tulsa-county", "name": "Tulsa County", "state": "ok", "type": "county" },
    { "id": "us-ok-wagoner-county", "name": "Wagoner County", "state": "ok", "type": "county" },
    { "id": "us-ok-washington-county", "name": "Washington County", "state": "ok", "type": "county" },
    { "id": "us-ok-washita-county", "name": "Washita County", "state": "ok", "type": "county" },
    { "id": "us-ok-woods-county", "name": "Woods County", "state": "ok", "type": "county" },
    { "id": "us-ok-woodward-county", "name": "Woodward County", "state": "ok", "type": "county" }
  ]
}