{
  "areas": [
    { "id": "us-ar-arkansas-county", "name": "Arkansas County", "state": "ar", "type": "county" },
    { "id": "us-ar-ashley-county", "name": "Ashley County", "state": "ar", "type": "county" },
    { "id": "us-ar-baxter-county", "name": "Baxter County", "state": "ar", "type": "county" },
    { "id": "us-ar-benton-county", "name": "Benton County", "state": "ar", "type": "county" },
    { "id": "us-ar-boone-county", "name": "Boone County", "state": "ar", "type": "county" },
    { "id": "us-ar-bradley-county", "name": "Bradley County", "state": "ar", "type": "county" },
    { "id": "us-ar-calhoun-county", "name": "Calhoun County", "state": "ar", "type": "county" },
    { "id": "us-ar-carroll-county", "name": "Carroll County", "state": "ar", "type": "county" },
    { "id": "us-ar-chicot-county", "name": "Chicot County", "state": "ar", "type": "county" },
    { "id": "us-ar-clark-county", "name": "Clark County", "state": "ar", "type": "county" },
    { "id": "us-ar-clay-county", "name": "Clay County", "state": "ar", "type": "county" },
    { "id": "us-ar-cleburne-county", "name": "Cleburne County", "state": "ar", "type": "county" },
    { "id": "us-ar-cleveland-county", "name": "Cleveland County", "state": "ar", "type": "county" },
    { "id": "us-ar-columbia-county", "name": "Columbia County", "state": "ar", "type": "county" },
    { "id": "us-ar-conway-county", "name": "Conway County", "state": "ar", "type": "county" },
    { "id": "us-ar-craighead-county", "name": "Craighead County", "state": "ar", "type": "county" },
    { "id": "us-ar-crawford-county", "name": "Crawford County", "state": "ar", "type": "county" },
    { "id": "us-ar-crittenden-county", "name": "Crittenden County", "state": "ar", "type": "county" },
    { "id": "us-ar-cross-county", "name": "Cross County", "state": "ar", "type": "county" },
    { "id": "us-ar-dallas-county", "name": "Dallas County", "state": "ar", "type": "county" },
    { "id": "us-ar-desha-county", "name": "Desha County", "state": "ar", "type": "county" },
    { "id": "us-ar-drew-county", "name": "Drew County", "state": "ar", "type": "county" },
    { "id": "us-ar-faulkner-county", "name": "Faulkner County", "state": "ar", "type": "county" },
    { "id": "us-ar-franklin-county", "name": "Franklin County", "state": "ar", "type": "county" },
    { "id": "us-ar-fulton-county", "name": "Fulton County", "state": "ar", "type": "county" },
    { "id": "us-ar-garland-county", "name": "Garland County", "state": "ar", "type": "county" },
    { "id": "us-ar-grant-county", "name": "Grant County", "state": "ar", "type": "county" },
    { "id": "us-ar-greene-county", "name": "Greene County", "state": "ar", "type": "county" },
    { "id": "us-ar-hempstead-county", "name": "Hempstead County", "state": "ar", "type": "county" },
    { "id": "us-ar-hot-spring-county", "name": "Hot Spring County", "state": "ar", "type": "county" },
    { "id": "us-ar-howard-county", "name": "Howard County", "state": "ar", "type": "county" },
    { "id": "us-ar-independence-county", "name": "Independence County", "state": "ar", "type": "county" },
    { "id": "us-ar-izard-county", "name": "Izard County", "state": "ar", "type": "county" },
    { "id": "us-ar-jackson-county", "name": "Jackson County", "state": "ar", "type": "county" },
    { "id": "us-ar-jefferson-county", "name": "Jefferson County", "state": "ar", "type": "county" },
    { "id": "us-ar-johnson-county", "name": "Johnson County", "state": "ar", "type": "county" },
    { "id": "us-ar-lafayette-county", "name": "Lafayette County", "state": "ar", "type": "county" },
    { "id": "us-ar-lawrence-county", "name": "Lawrence County", "state": "ar", "type": "county" },
    { "id": "us-ar-lee-county", "name": "Lee County", "state": "ar", "type": "county" },
    { "id": "us-ar-lincoln-county", "name": "Lincoln County", "state": "ar", "type": "county" },
    { "id": "us-ar-little-river-county", "name": "Little River County", "state": "ar", "type": "county" },
    { "id": "us-ar-logan-county", "name": "Logan County", "state": "ar", "type": "county" },
    { "id": "us-ar-lonoke-county", "name": "Lonoke County", "state": "ar", "type": "county" },
    { "id": "us-ar-madison-county", "name": "Madison County", "state": "ar", "type": "county" },
    { "id": "us-ar-marion-county", "name": "Marion County", "state": "ar", "type": "county" },
    { "id": "us-ar-miller-county", "name": "Miller County", "state": "ar", "type": "county" },
    { "id": "us-ar-mississippi-county", "name": "Mississippi County", "state": "ar", "type": "county" },
    { "id": "us-ar-monroe-county", "name": "Monroe County", "state": "ar", "type": "county" },
    { "id": "us-ar-montgomery-county", "name": "Montgomery County", "state": "ar", "type": "county" },
    { "id": "us-ar-nevada-county", "name": "Nevada County", "state": "ar", "type": "county" },
    { "id": "us-ar-newton-county", "name": "Newton County", "state": "ar", "type": "county" },
    { "id": "us-ar-ouachita-county", "name": "Ouachita County", "state": "ar", "type": "county" },
    { "id": "us-ar-perry-county", "name": "Perry County", "state": "ar", "type": "county" },
    { "id": "us-ar-phillips-county", "name": "Phillips County", "state": "ar", "type": "county" },
    { "id": "us-ar-pike-county", "name": "Pike County", "state": "ar", "type": "county" },
    { "id": "us-ar-poinsett-county", "name": "Poinsett County", "state": "ar", "type": "county" },
    { "id": "us-ar-polk-county", "name": "Polk County", "state": "ar", "type": "county" },
    { "id": "us-ar-pope-county", "name": "Pope County", "state": "ar", "type": "county" },
    { "id": "us-ar-prairie-county", "name": "Prairie County", "state": "ar", "type": "county" },
    { "id": "us-ar-pulaski-county", "name": "Pulaski County", "state": "ar", "type": "county" },
    { "id": "us-ar-randolph-county", "name": "Randolph County", "state": "ar", "type": "county" },
    { "id": "us-ar-st-francis-county", "name": "St. Francis County", "state": "ar", "type": "county" },
    { "id": "us-ar-saline-county", "name": "Saline County", "state": "ar", "type": "county" },
    { "id": "us-ar-scott-county", "name": "Scott County", "state": "ar", "type": "county" },
    { "id": "us-ar-searcy-county", "name": "Searcy County", "state": "ar", "type": "county" },
    { "id": "us-ar-sebastian-county", "name": "Sebastian County", "state": "ar", "type": "county" },
    { "id": "us-ar-sevier-county", "name": "Sevier County", "state": "ar", "type": "county" },
    { "id": "us-ar-sharp-county", "name": "Sharp County", "state": "ar", "type": "county" },
    { "id": "us-ar-stone-county", "name": "Stone County", "state": "ar", "type": "county" },
    { "id": "us-ar-union-county", "name": "Union County", "state": "ar", "type": "county" },
    { "id": "us-ar-van-buren-county", "name": "Van Buren County", "state": "ar", "type": "county" },
    { "id": "us-ar-washington-county", "name": "Washington County", "state": "ar", "type": "county" },
    { "id": "us-ar-white-county", "name": "White County", "state": "ar", "type": "county" },
    { "id": "us-ar-woodruff-county", "name": "Woodruff County", "state": "ar", "type": "county" },
    { "id": "us-ar-yell-county", "name": "Yell County", "state": "ar", "type": "county" }
  ]
}