{
  "areas": [
    { "id": "us-wa-adams-county", "name": "Adams County", "state": "wa", "type": "county" },
    { "id": "us-wa-asotin-county", "name": "Asotin County", "state": "wa", "type": "county" },
    { "id": "us-wa-benton-county", "name": "Benton County", "state": "wa", "type": "county" },
    { "id": "us-wa-chelan-county", "name": "Chelan County", "state": "wa", "type": "county" },
    { "id": "us-wa-clallam-county", "name": "Clallam County", "state": "wa", "type": "county" },
    { "id": "us-wa-clark-county", "name": "Clark County", "state": "wa", "type": "county" },
    { "id": "us-wa-columbia-county", "name": "Columbia County", "state": "wa", "type": "county" },
    { "id": "us-wa-cowlitz-county", "name": "Cowlitz County", "state": "wa", "type": "county" },
    { "id": "us-wa-douglas-county", "name": "Douglas County", "state": "wa", "type": "county" },
    { "id": "us-wa-ferry-county", "name": "Ferry County", "state": "wa", "type": "county" },
    { "id": "us-wa-franklin-county", "name": "Franklin County", "state": "wa", "type": "county" },
    { "id": "us-wa-garfield-county", "name": "Garfield County", "state": "wa", "type": "county" },
    { "id": "us-wa-grant-county", "name": "Grant County", "state": "wa", "type": "county" },
    { "id": "us-wa-grays-harbor-county", "name": "Grays Harbor County", "state": "wa", "type": "county" },
    { "id": "us-wa-island-county", "name": "Island County", "state": "wa", "type": "county" },
    { "id": "us-wa-jefferson-county", "name": "Jefferson County", "state": "wa", "type": "county" },
    { "id": "us-wa-king-county", "name": "King County", "state": "wa", "type": "county" },
    { "id": "us-wa-kitsap-county", "name": "Kitsap County", "state": "wa", "type": "county" },
    { "id": "us-wa-kittitas-county", "name": "Kittitas County", "state": "wa", "type": "county" },
    { "id": "us-wa-klickitat-county", "name": "Klickitat County", "state": "wa", "type": "county" },
    { "id": "us-wa-lewis-county", "name": "Lewis County", "state": "wa", "type": "county" },
    { "id": "us-wa-lincoln-county", "name": "Lincoln County", "state": "wa", "type": "county" },
    { "id": "us-wa-mason-county", "name": "Mason County", "state": "wa", "type": "county" },
    { "id": "us-wa-okanogan-county", "name": "Okanogan County", "state": "wa", "type": "county" },
    { "id": "us-wa-pacific-county", "name": "Pacific County", "state": "wa", "type": "county" },
    { "id": "us-wa-pend-oreille-county", "name": "Pend Oreille County", "state": "wa", "type": "county" },
    { "id": "us-wa-pierce-county", "name": "Pierce County", "state": "wa", "type": "county" },
    { "id": "us-wa-san-juan-county", "name": "San Juan County", "state": "wa", "type": "county" },
    { "id": "us-wa-skagit-county", "name": "Skagit County", "state": "wa", "type": "county" },
    { "id": "us-wa-skamania-county", "name": "Skamania County", "state": "wa", "type": "county" },
    { "id": "us-wa-snohomish-county", "name": "Snohomish County", "state": "wa", "type": "county" },
    { "id": "us-wa-spokane-county", "name": "Spokane County", "state": "wa", "type": "county" },
    { "id": "us-wa-stevens-county", "name": "Stevens County", "state": "wa", "type": "county" },
    { "id": "us-wa-thurston-county", "name": "Thurston County", "state": "wa", "type": "county" },
    { "id": "us-wa-wahkiakum-county", "name": "Wahkiakum County", "state": "wa", "type": "county" },
    { "id": "us-wa-walla-walla-county", "name": "Walla Walla County", "state": "wa", "type": "county" },
    { "id": "us-wa-whatcom-county", "name": "Whatcom County", "state": "wa", "type": "county" },
    { "id": "us-wa-whitman-county", "name": "Whitman County", "state": "wa", "type": "county" },
    { "id": "us-wa-yakima-county", "name": "Yakima County", "state": "wa", "type": "county" }
  ]
}