{
  "areas": [
    { "id": "us-ne-adams-county", "name": "Adams County", "state": "ne", "type": "county" },
    { "id": "us-ne-antelope-county", "name": "Antelope County", "state": "ne", "type": "county" },
    { "id": "us-ne-arthur-county", "name": "Arthur County", "state": "ne", "type": "county" },
    { "id": "us-ne-banner-county", "name": "Banner County", "state": "ne", "type": "county" },
    { "id": "us-ne-blaine-county", "name": "Blaine County", "state": "ne", "type": "county" },
    { "id": "us-ne-boone-county", "name": "Boone County", "state": "ne", "type": "county" },
    { "id": "us-ne-box-butte-county", "name": "Box Butte County", "state": "ne", "type": "county" },
    { "id": "us-ne-boyd-county", "name": "Boyd County", "state": "ne", "type": "county" },
    { "id": "us-ne-brown-county", "name": "Brown County", "state": "ne", "type": "county" },
    { "id": "us-ne-buffalo-county", "name": "Buffalo County", "state": "ne", "type": "county" },
    { "id": "us-ne-burt-county", "name": "Burt County", "state": "ne", "type": "county" },
    { "id": "us-ne-butler-county", "name": "Butler County", "state": "ne", "type": "county" },
    { "id": "us-ne-cass-county", "name": "Cass County", "state": "ne", "type": "county" },
    { "id": "us-ne-cedar-county", "name": "Cedar County", "state": "ne", "type": "county" },
    { "id": "us-ne-chase-county", "name": "Chase County", "state": "ne", "type": "county" },
    { "id": "us-ne-cherry-county", "name": "Cherry County", "state": "ne", "type": "county" },
    { "id": "us-ne-cheyenne-county", "name": "Cheyenne County", "state": "ne", "type": "county" },
    { "id": "us-ne-clay-county", "name": "Clay County", "state": "ne", "type": "county" },
    { "id": "us-ne-colfax-county", "name": "Colfax County", "state": "ne", "type": "county" },
    { "id": "us-ne-cuming-county", "name": "Cuming County", "state": "ne", "type": "county" },
    { "id": "us-ne-custer-county", "name": "Custer County", "state": "ne", "type": "county" },
    { "id": "us-ne-dakota-county", "name": "Dakota County", "state": "ne", "type": "county" },
    { "id": "us-ne-dawes-county", "name": "Dawes County", "state": "ne", "type": "county" },
    { "id": "us-ne-dawson-county", "name": "Dawson County", "state": "ne", "type": "county" },
    { "id": "us-ne-deuel-county", "name": "Deuel County", "state": "ne", "type": "county" },
    { "id": "us-ne-dixon-county", "name": "Dixon County", "state": "ne", "type": "county" },
    { "id": "us-ne-dodge-county", "name": "Dodge County", "state": "ne", "type": "county" },
    { "id": "us-ne-douglas-county", "name": "Douglas County", "state": "ne", "type": "county" },
    { "id": "us-ne-dundy-county", "name": "Dundy County", "state": "ne", "type": "county" },
    { "id": "us-ne-fillmore-county", "name": "Fillmore County", "state": "ne", "type": "county" },
    { "id": "us-ne-franklin-county", "name": "Franklin County", "state": "ne", "type": "county" },
    { "id": "us-ne-frontier-county", "name": "Frontier County", "state": "ne", "type": "county" },
    { "id": "us-ne-furnas-county", "name": "Furnas County", "state": "ne", "type": "county" },
    { "id": "us-ne-gage-county", "name": "Gage County", "state": "ne", "type": "county" },
    { "id": "us-ne-garden-county", "name": "Garden County", "state": "ne", "type": "county" },
    { "id": "us-ne-garfield-county", "name": "Garfield County", "state": "ne", "type": "county" },
    { "id": "us-ne-gosper-county", "name": "Gosper County", "state": "ne", "type": "county" },
    { "id": "us-ne-grant-county", "name": "Grant County", "state": "ne", "type": "county" },
    { "id": "us-ne-greeley-county", "name": "Greeley County", "state": "ne", "type": "county" },
    { "id": "us-ne-hall-county", "name": "Hall County", "state": "ne", "type": "county" },
    { "id": "us-ne-hamilton-county", "name": "Hamilton County", "state": "ne", "type": "county" },
    { "id": "us-ne-harlan-county", "name": "Harlan County", "state": "ne", "type": "county" },
    { "id": "us-ne-hayes-county", "name": "Hayes County", "state": "ne", "type": "county" },
    { "id": "us-ne-hitchcock-county", "name": "Hitchcock County", "state": "ne", "type": "county" },
    { "id": "us-ne-holt-county", "name": "Holt County", "state": "ne", "type": "county" },
    { "id": "us-ne-hooker-county", "name": "Hooker County", "state": "ne", "type": "county" },
    { "id": "us-ne-howard-county", "name": "Howard County", "state": "ne", "type": "county" },
    { "id": "us-ne-jefferson-county", "name": "Jefferson County", "state": "ne", "type": "county" },
    { "id": "us-ne-johnson-county", "name": "Johnson County", "state": "ne", "type": "county" },
    { "id": "us-ne-kearney-county", "name": "Kearney County", "state": "ne", "type": "county" },
    { "id": "us-ne-keith-county", "name": "Keith County", "state": "ne", "type": "county" },
    { "id": "us-ne-keya-paha-county", "name": "Keya Paha County", "state": "ne", "type": "county" },
    { "id": "us-ne-kimball-county", "name": "Kimball County", "state": "ne", "type": "county" },
    { "id": "us-ne-knox-county", "name": "Knox County", "state": "ne", "type": "county" },
    { "id": "us-ne-lancaster-county", "name": "Lancaster County", "state": "ne", "type": "county" },
    { "id": "us-ne-lincoln-county", "name": "Lincoln County", "state": "ne", "type": "county" },
    { "id": "us-ne-logan-county", "name": "Logan County", "state": "ne", "type": "county" },
    { "id": "us-ne-loup-county", "name": "Loup County", "state": "ne", "type": "county" },
    { "id": "us-ne-madison-county", "name": "Madison County", "state": "ne", "type": "county" },
    { "id": "us-ne-mcpherson-county", "name": "McPherson County", "state": "ne", "type": "county" },
    { "id": "us-ne-merrick-county", "name": "Merrick County", "state": "ne", "type": "county" },
    { "id": "us-ne-morrill-county", "name": "Morrill County", "state": "ne", "type": "county" },
    { "id": "us-ne-nance-county", "name": "Nance County", "state": "ne", "type": "county" },
    { "id": "us-ne-nemaha-county", "name": "Nemaha County", "state": "ne", "type": "county" },
    { "id": "us-ne-nuckolls-county", "name": "Nuckolls County", "state": "ne", "type": "county" },
    { "id": "us-ne-otoe-county", "name": "Otoe County", "state": "ne", "type": "county" },
    { "id": "us-ne-pawnee-county", "name": "Pawnee County", "state": "ne", "type": "county" },
    { "id": "us-ne-perkins-county", "name": "Perkins County", "state": "ne", "type": "county" },
    { "id": "us-ne-phelps-county", "name": "Phelps County", "state": "ne", "type": "county" },
    { "id": "us-ne-pierce-county", "name": "Pierce County", "state": "ne", "type": "county" },
    { "id": "us-ne-platte-county", "name": "Platte County", "state": "ne", "type": "county" },
    { "id": "us-ne-polk-county", "name": "Polk County", "state": "ne", "type": "county" },
    { "id": "us-ne-red-willow-county", "name": "Red Willow County", "state": "ne", "type": "county" },
    { "id": "us-ne-richardson-county", "name": "Richardson County", "state": "ne", "type": "county" },
    { "id": "us-ne-rock-county", "name": "Rock County", "state": "ne", "type": "county" },
    { "id": "us-ne-saline-county", "name": "Saline County", "state": "ne", "type": "county" },
    { "id": "us-ne-sarpy-county", "name": "Sarpy County", "state": "ne", "type": "county" },
    { "id": "us-ne-saunders-county", "name": "Saunders County", "state": "ne", "type": "county" },
    { "id": "us-ne-scotts-bluff-county", "name": "Scotts Bluff County", "state": "ne", "type": "county" },
    { "id": "us-ne-seward-county", "name": "Seward County", "state": "ne", "type": "county" },
    { "id": "us-ne-sheridan-county", "name": "Sheridan County", "state": "ne", "type": "county" },
    { "id": "us-ne-sherman-county", "name": "Sherman County", "state": "ne", "type": "county" },
    { "id": "us-ne-sioux-county", "name": "Sioux County", "state": "ne", "type": "county" },
    { "id": "us-ne-stanton-county", "name": "Stanton County", "state": "ne", "type": "county" },
    { "id": "us-ne-thayer-county", "name": "Thayer County", "state": "ne", "type": "county" },
    { "id": "us-ne-thomas-county", "name": "Thomas County", "state": "ne", "type": "county" },
    { "id": "us-ne-thurston-county", "name": "Thurston County", "state": "ne", "type": "county" },
    { "id": "us-ne-valley-county", "name": "Valley County", "state": "ne", "type": "county" },
    { "id": "us-ne-washington-county", "name": "Washington County", "state": "ne", "type": "county" },
    { "id": "us-ne-wayne-county", "name": "Wayne County", "state": "ne", "type": "county" },
    { "id": "us-ne-webster-county", "name": "Webster County", "state": "ne", "type": "county" },
    { "id": "us-ne-wheeler-county", "name": "Wheeler County", "state": "ne", "type": "county" },
    { "id": "us-ne-york-county", "name": "York County", "state": "ne", "type": "county" }
  ]
}