{
  "areas": [
    { "id": "us-ca-alameda-county", "name": "Alameda County", "state": "ca", "type": "county" },
    { "id": "us-ca-alpine-county", "name": "Alpine County", "state": "ca", "type": "county" },
    { "id": "us-ca-amador-county", "name": "Amador County", "state": "ca", "type": "county" },
    { "id": "us-ca-butte-county", "name": "Butte County", "state": "ca", "type": "county" },
    { "id": "us-ca-calaveras-county", "name": "Calaveras County", "state": "ca", "type": "county" },
    { "id": "us-ca-colusa-county", "name": "Colusa County", "state": "ca", "type": "county" },
    { "id": "us-ca-contra-costa-county", "name": "Contra Costa County", "state": "ca", "type": "county" },
    { "id": "us-ca-del-norte-county", "name": "Del Norte County", "state": "ca", "type": "county" },
    { "id": "us-ca-el-dorado-county", "name": "El Dorado County", "state": "ca", "type": "county" },
    { "id": "us-ca-fresno-county", "name": "Fresno County", "state": "ca", "type": "county" },
    { "id": "us-ca-glenn-county", "name": "Glenn County", "state": "ca", "type": "county" },
    { "id": "us-ca-humboldt-county", "name": "Humboldt County", "state": "ca", "type": "county" },
    { "id": "us-ca-imperial-county", "name": "Imperial County", "state": "ca", "type": "county" },
    { "id": "us-ca-inyo-county", "name": "Inyo County", "state": "ca", "type": "county" },
    { "id": "us-ca-kern-county", "name": "Kern County", "state": "ca", "type": "county" },
    { "id": "us-ca-kings-county", "name": "Kings County", "state": "ca", "type": "county" },
    { "id": "us-ca-lake-county", "name": "Lake County", "state": "ca", "type": "county" },
    { "id": "us-ca-lassen-county", "name": "Lassen County", "state": "ca", "type": "county" },
    { "id": "us-ca-los-angeles-county", "name": "Los Angeles County", "state": "ca", "type": "county" },
    { "id": "us-ca-madera-county", "name": "Madera County", "state": "ca", "type": "county" },
    { "id": "us-ca-marin-county", "name": "Marin County", "state": "ca", "type": "county" },
    { "id": "us-ca-mariposa-county", "name": "Mariposa County", "state": "ca", "type": "county" },
    { "id": "us-ca-mendocino-county", "name": "Mendocino County", "state": "ca", "type": "county" },
    { "id": "us-ca-merced-county", "name": "Merced County", "state": "ca", "type": "county" },
    { "id": "us-ca-modoc-county", "name": "Modoc County", "state": "ca", "type": "county" },
    { "id": "us-ca-mono-county", "name": "Mono County", "state": "ca", "type": "county" },
    { "id": "us-ca-monterey-county", "name": "Monterey County", "state": "ca", "type": "county" },
    { "id": "us-ca-napa-county", "name": "Napa County", "state": "ca", "type": "county" },
    { "id": "us-ca-nevada-county", "name": "Nevada County", "state": "ca", "type": "county" },
    { "id": "us-ca-orange-county", "name": "Orange County", "state": "ca", "type": "county" },
    { "id": "us-ca-placer-county", "name": "Placer County", "state": "ca", "type": "county" },
    { "id": "us-ca-plumas-county", "name": "Plumas County", "state": "ca", "type": "county" },
    { "id": "us-ca-riverside-county", "name": "Riverside County", "state": "ca", "type": "county" },
    { "id": "us-ca-sacramento-county", "name": "Sacramento County", "state": "ca", "type": "county" },
    { "id": "us-ca-san-benito-county", "name": "San Benito County", "state": "ca", "type": "county" },
    { "id": "us-ca-san-bernardino-county", "name": "San Bernardino County", "state": "ca", "type": "county" },
    { "id": "us-ca-san-diego-county", "name": "San Diego County", "state": "ca", "type": "county" },
    { "id": "us-ca-san-francisco-county", "name": "San Francisco County", "state": "ca", "type": "county" },
    { "id": "us-ca-san-joaquin-county", "name": "San Joaquin County", "state": "ca", "type": "county" },
    { "id": "us-ca-san-luis-obispo-county", "name": "San Luis Obispo County", "state": "ca", "type": "county" },
    { "id": "us-ca-san-mateo-county", "name": "San Mateo County", "state": "ca", "type": "county" },
    { "id": "us-ca-santa-barbara-county", "name": "Santa Barbara County", "state": "ca", "type": "county" },
    { "id": "us-ca-santa-clara-county", "name": "Santa Clara County", "state": "ca", "type": "county" },
    { "id": "us-ca-santa-cruz-county", "name": "Santa Cruz County", "state": "ca", "type": "county" },
    { "id": "us-ca-shasta-county", "name": "Shasta County", "state": "ca", "type": "county" },
    { "id": "us-ca-sierra-county", "name": "Sierra County", "state": "ca", "type": "county" },
    { "id": "us-ca-siskiyou-county", "name": "Siskiyou County", "state": "ca", "type": "county" },
    { "id": "us-ca-solano-county", "name": "Solano County", "state": "ca", "type": "county" },
    { "id": "us-ca-sonoma-county", "name": "Sonoma County", "state": "ca", "type": "county" },
    { "id": "us-ca-stanislaus-county", "name": "Stanislaus County", "state": "ca", "type": "county" },
    { "id": "us-ca-sutter-county", "name": "Sutter County", "state": "ca", "type": "county" },
    { "id": "us-ca-tehama-county", "name": "Tehama County", "state": "ca", "type": "county" },
    { "id": "us-ca-trinity-county", "name": "Trinity County", "state": "ca", "type": "county" },
    { "id": "us-ca-tulare-county", "name": "Tulare County", "state": "ca", "type": "county" },
    { "id": "us-ca-tuolumne-county", "name": "Tuolumne County", "state": "ca", "type": "county" },
    { "id": "us-ca-ventura-county", "name": "Ventura County", "state": "ca", "type": "county" },
    { "id": "us-ca-yolo-county", "name": "Yolo County", "state": "ca", "type": "county" },
    { "id": "us-ca-yuba-county", "name": "Yuba County", "state": "ca", "type": "county" }
  ]
}