{
  "areas": [
    { "id": "us-wi-adams-county", "name": "Adams County", "state": "wi", "type": "county" },
    { "id": "us-wi-ashland-county", "name": "Ashland County", "state": "wi", "type": "county" },
    { "id": "us-wi-barron-county", "name": "Barron County", "state": "wi", "type": "county" },
    { "id": "us-wi-bayfield-county", "name": "Bayfield County", "state": "wi", "type": "county" },
    { "id": "us-wi-brown-county", "name": "Brown County", "state": "wi", "type": "county" },
    { "id": "us-wi-buffalo-county", "name": "Buffalo County", "state": "wi", "type": "county" },
    { "id": "us-wi-burnett-county", "name": "Burnett County", "state": "wi", "type": "county" },
    { "id": "us-wi-calumet-county", "name": "Calumet County", "state": "wi", "type": "county" },
    { "id": "us-wi-chippewa-county", "name": "Chippewa County", "state": "wi", "type": "county" },
    { "id": "us-wi-clark-county", "name": "Clark County", "state": "wi", "type": "county" },
    { "id": "us-wi-columbia-county", "name": "Columbia County", "state": "wi", "type": "county" },
    { "id": "us-wi-crawford-county", "name": "Crawford County", "state": "wi", "type": "county" },
    { "id": "us-wi-dane-county", "name": "Dane County", "state": "wi", "type": "county" },
    { "id": "us-wi-dodge-county", "name": "Dodge County", "state": "wi", "type": "county" },
    { "id": "us-wi-door-county", "name": "Door County", "state": "wi", "type": "county" },
    { "id": "us-wi-douglas-county", "name": "Douglas County", "state": "wi", "type": "county" },
    { "id": "us-wi-dunn-county", "name": "Dunn County", "state": "wi", "type": "county" },
    { "id": "us-wi-eau-claire-county", "name": "Eau Claire County", "state": "wi", "type": "county" },
    { "id": "us-wi-florence-county", "name": "Florence County", "state": "wi", "type": "county" },
    { "id": "us-wi-fond-du-lac-county", "name": "Fond du Lac County", "state": "wi", "type": "county" },
    { "id": "us-wi-forest-county", "name": "Forest County", "state": "wi", "type": "county" },
    { "id": "us-wi-grant-county", "name": "Grant County", "state": "wi", "type": "county" },
    { "id": "us-wi-green-county", "name": "Green County", "state": "wi", "type": "county" },
    { "id": "us-wi-green-lake-county", "name": "Green Lake County", "state": "wi", "type": "county" },
    { "id": "us-wi-iowa-county", "name": "Iowa County", "state": "wi", "type": "county" },
    { "id": "us-wi-iron-county", "name": "Iron County", "state": "wi", "type": "county" },
    { "id": "us-wi-jackson-county", "name": "Jackson County", "state": "wi", "type": "county" },
    { "id": "us-wi-jefferson-county", "name": "Jefferson County", "state": "wi", "type": "county" },
    { "id": "us-wi-juneau-county", "name": "Juneau County", "state": "wi", "type": "county" },
    { "id": "us-wi-kenosha-county", "name": "Kenosha County", "state": "wi", "type": "county" },
    { "id": "us-wi-kewaunee-county", "name": "Kewaunee County", "state": "wi", "type": "county" },
    { "id": "us-wi-la-crosse-county", "name": "La Crosse County", "state": "wi", "type": "county" },
    { "id": "us-wi-lafayette-county", "name": "Lafayette County", "state": "wi", "type": "county" },
    { "id": "us-wi-langlade-county", "name": "Langlade County", "state": "wi", "type": "county" },
    { "id": "us-wi-lincoln-county", "name": "Lincoln County", "state": "wi", "type": "county" },
    { "id": "us-wi-manitowoc-county", "name": "Manitowoc County", "state": "wi", "type": "county" },
    { "id": "us-wi-marathon-county", "name": "Marathon County", "state": "wi", "type": "county" },
    { "id": "us-wi-marinette-county", "name": "Marinette County", "state": "wi", "type": "county" },
    { "id": "us-wi-marquette-county", "name": "Marquette County", "state": "wi", "type": "county" },
    { "id": "us-wi-menominee-county", "name": "Menominee County", "state": "wi", "type": "county" },
    { "id": "us-wi-milwaukee-county", "name": "Milwaukee County", "state": "wi", "type": "county" },
    { "id": "us-wi-monroe-county", "name": "Monroe County", "state": "wi", "type": "county" },
    { "id": "us-wi-oconto-county", "name": "Oconto County", "state": "wi", "type": "county" },
    { "id": "us-wi-oneida-county", "name": "Oneida County", "state": "wi", "type": "county" },
    { "id": "us-wi-outagamie-county", "name": "Outagamie County", "state": "wi", "type": "county" },
    { "id": "us-wi-ozaukee-county", "name": "Ozaukee County", "state": "wi", "type": "county" },
    { "id": "us-wi-pepin-county", "name": "Pepin County", "state": "wi", "type": "county" },
    { "id": "us-wi-pierce-county", "name": "Pierce County", "state": "wi", "type": "county" },
    { "id": "us-wi-polk-county", "name": "Polk County", "state": "wi", "type": "county" },
    { "id": "us-wi-portage-county", "name": "Portage County", "state": "wi", "type": "county" },
    { "id": "us-wi-price-county", "name": "Price County", "state": "wi", "type": "county" },
    { "id": "us-wi-racine-county", "name": "Racine County", "state": "wi", "type": "county" },
    { "id": "us-wi-richland-county", "name": "Richland County", "state": "wi", "type": "county" },
    { "id": "us-wi-rock-county", "name": "Rock County", "state": "wi", "type": "county" },
    { "id": "us-wi-rusk-county", "name": "Rusk County", "state": "wi", "type": "county" },
    { "id": "us-wi-st-croix-county", "name": "St. Croix County", "state": "wi", "type": "county" },
    { "id": "us-wi-sauk-county", "name": "Sauk County", "state": "wi", "type": "county" },
    { "id": "us-wi-sawyer-county", "name": "Sawyer County", "state": "wi", "type": "county" },
    { "id": "us-wi-shawano-county", "name": "Shawano County", "state": "wi", "type": "county" },
    { "id": "us-wi-sheboygan-county", "name": "Sheboygan County", "state": "wi", "type": "county" },
    { "id": "us-wi-taylor-county", "name": "Taylor County", "state": "wi", "type": "county" },
    { "id": "us-wi-trempealeau-county", "name": "Trempealeau County", "state": "wi", "type": "county" },
    { "id": "us-wi-vernon-county", "name": "Vernon County", "state": "wi", "type": "county" },
    { "id": "us-wi-vilas-county", "name": "Vilas County", "state": "wi", "type": "county" },
    { "id": "us-wi-walworth-county", "name": "Walworth County", "state": "wi", "type": "county" },
    { "id": "us-wi-washburn-county", "name": "Washburn County", "state": "wi", "type": "county" },
    { "id": "us-wi-washington-county", "name": "Washington County", "state": "wi", "type": "county" },
    { "id": "us-wi-waukesha-county", "name": "Waukesha County", "state": "wi", "type": "county" },
    { "id": "us-wi-waupaca-county", "name": "Waupaca County", "state": "wi", "type": "county" },
    { "id": "us-wi-waushara-county", "name": "Waushara County", "state": "wi", "type": "county" },
    { "id": "us-wi-winnebago-county", "name": "Winnebago County", "state": "wi", "type": "county" },
    { "id": "us-wi-wood-county", "name": "Wood County", "state": "wi", "type": "county" }
  ]
}