{
  "areas": [
    { "id": "us-wv-barbour-county", "name": "Barbour County", "state": "wv", "type": "county" },
    { "id": "us-wv-berkeley-county", "name": "Berkeley County", "state": "wv", "type": "county" },
    { "id": "us-wv-boone-county", "name": "Boone County", "state": "wv", "type": "county" },
    { "id": "us-wv-braxton-county", "name": "Braxton County", "state": "wv", "type": "county" },
    { "id": "us-wv-brooke-county", "name": "Brooke County", "state": "wv", "type": "county" },
    { "id": "us-wv-cabell-county", "name": "Cabell County", "state": "wv", "type": "county" },
    { "id": "us-wv-calhoun-county", "name": "Calhoun County", "state": "wv", "type": "county" },
    { "id": "us-wv-clay-county", "name": "Clay County", "state": "wv", "type": "county" },
    { "id": "us-wv-doddridge-county", "name": "Doddridge County", "state": "wv", "type": "county" },
    { "id": "us-wv-fayette-county", "name": "Fayette County", "state": "wv", "type": "county" },
    { "id": "us-wv-gilmer-county", "name": "Gilmer County", "state": "wv", "type": "county" },
    { "id": "us-wv-grant-county", "name": "Grant County", "state": "wv", "type": "county" },
    { "id": "us-wv-greenbrier-county", "name": "Greenbrier County", "state": "wv", "type": "county" },
    { "id": "us-wv-hampshire-county", "name": "Hampshire County", "state": "wv", "type": "county" },
    { "id": "us-wv-hancock-county", "name": "Hancock County", "state": "wv", "type": "county" },
    { "id": "us-wv-hardy-county", "name": "Hardy County", "state": "wv", "type": "county" },
    { "id": "us-wv-harrison-county", "name": "Harrison County", "state": "wv", "type": "county" },
    { "id": "us-wv-jackson-county", "name": "Jackson County", "state": "wv", "type": "county" },
    { "id": "us-wv-jefferson-county", "name": "Jefferson County", "state": "wv", "type": "county" },
    { "id": "us-wv-kanawha-county", "name": "Kanawha County", "state": "wv", "type": "county" },
    { "id": "us-wv-lewis-county", "name": "Lewis County", "state": "wv", "type": "county" },
    { "id": "us-wv-lincoln-county", "name": "Lincoln County", "state": "wv", "type": "county" },
    { "id": "us-wv-logan-county", "name": "Logan County", "state": "wv", "type": "county" },
    { "id": "us-wv-marion-county", "name": "Marion County", "state": "wv", "type": "county" },
    { "id": "us-wv-marshall-county", "name": "Marshall County", "state": "wv", "type": "county" },
    { "id": "us-wv-mason-county", "name": "Mason County", "state": "wv", "type": "county" },
    { "id": "us-wv-mcdowell-county", "name": "McDowell County", "state": "wv", "type": "county" },
    { "id": "us-wv-mercer-county", "name": "Mercer County", "state": "wv", "type": "county" },
    { "id": "us-wv-mineral-county", "name": "Mineral County", "state": "wv", "type": "county" },
    { "id": "us-wv-mingo-county", "name": "Mingo County", "state": "wv", "type": "county" },
    { "id": "us-wv-monongalia-county", "name": "Monongalia County", "state": "wv", "type": "county" },
    { "id": "us-wv-monroe-county", "name": "Monroe County", "state": "wv", "type": "county" },
    { "id": "us-wv-morgan-county", "name": "Morgan County", "state": "wv", "type": "county" },
    { "id": "us-wv-nicholas-county", "name": "Nicholas County", "state": "wv", "type": "county" },
    { "id": "us-wv-ohio-county", "name": "Ohio County", "state": "wv", "type": "county" },
    { "id": "us-wv-pendleton-county", "name": "Pendleton County", "state": "wv", "type": "county" },
    { "id": "us-wv-pleasants-county", "name": "Pleasants County", "state": "wv", "type": "county" },
    { "id": "us-wv-pocahontas-county", "name": "Pocahontas County", "state": "wv", "type": "county" },
    { "id": "us-wv-preston-county", "name": "Preston County", "state": "wv", "type": "county" },
    { "id": "us-wv-putnam-county", "name": "Putnam County", "state": "wv", "type": "county" },
    { "id": "us-wv-raleigh-county", "name": "Raleigh County", "state": "wv", "type": "county" },
    { "id": "us-wv-randolph-county", "name": "Randolph County", "state": "wv", "type": "county" },
    { "id": "us-wv-ritchie-county", "name": "Ritchie County", "state": "wv", "type": "county" },
    { "id": "us-wv-roane-county", "name": "Roane County", "state": "wv", "type": "county" },
    { "id": "us-wv-summers-county", "name": "Summers County", "state": "wv", "type": "county" },
    { "id": "us-wv-taylor-county", "name": "Taylor County", "state": "wv", "type": "county" },
    { "id": "us-wv-tucker-county", "name": "Tucker County", "state": "wv", "type": "county" },
    { "id": "us-wv-tyler-county", "name": "Tyler County", "state": "wv", "type": "county" },
    { "id": "us-wv-upshur-county", "name": "Upshur County", "state": "wv", "type": "county" },
    { "id": "us-wv-wayne-county", "name": "Wayne County", "state": "wv", "type": "county" },
    { "id": "us-wv-webster-county", "name": "Webster County", "state": "wv", "type": "county" },
    { "id": "us-wv-wetzel-county", "name": "Wetzel County", "state": "wv", "type": "county" },
    { "id": "us-wv-wirt-county", "name": "Wirt County", "state": "wv", "type": "county" },
    { "id": "us-wv-wood-county", "name": "Wood County", "state": "wv", "type": "county" },
    { "id": "us-wv-wyoming-county", "name": "Wyoming County", "state": "wv", "type": "county" }
  ]
}