{
  "areas": [
    { "id": "us-il-adams-county", "name": "Adams County", "state": "il", "type": "county" },
    { "id": "us-il-alexander-county", "name": "Alexander County", "state": "il", "type": "county" },
    { "id": "us-il-bond-county", "name": "Bond County", "state": "il", "type": "county" },
    { "id": "us-il-boone-county", "name": "Boone County", "state": "il", "type": "county" },
    { "id": "us-il-brown-county", "name": "Brown County", "state": "il", "type": "county" },
    { "id": "us-il-bureau-county", "name": "Bureau County", "state": "il", "type": "county" },
    { "id": "us-il-calhoun-county", "name": "Calhoun County", "state": "il", "type": "county" },
    { "id": "us-il-carroll-county", "name": "Carroll County", "state": "il", "type": "county" },
    { "id": "us-il-cass-county", "name": "Cass County", "state": "il", "type": "county" },
    { "id": "us-il-champaign-county", "name": "Champaign County", "state": "il", "type": "county" },
    { "id": "us-il-christian-county", "name": "Christian County", "state": "il", "type": "county" },
    { "id": "us-il-clark-county", "name": "Clark County", "state": "il", "type": "county" },
    { "id": "us-il-clay-county", "name": "Clay County", "state": "il", "type": "county" },
    { "id": "us-il-clinton-county", "name": "Clinton County", "state": "il", "type": "county" },
    { "id": "us-il-coles-county", "name": "Coles County", "state": "il", "type": "county" },
    { "id": "us-il-cook-county", "name": "Cook County", "state": "il", "type": "county" },
    { "id": "us-il-crawford-county", "name": "Crawford County", "state": "il", "type": "county" },
    { "id": "us-il-cumberland-county", "name": "Cumberland County", "state": "il", "type": "county" },
    { "id": "us-il-de-witt-county", "name": "De Witt County", "state": "il", "type": "county" },
    { "id": "us-il-dekalb-county", "name": "DeKalb County", "state": "il", "type": "county" },
    { "id": "us-il-douglas-county", "name": "Douglas County", "state": "il", "type": "county" },
    { "id": "us-il-dupage-county", "name": "DuPage County", "state": "il", "type": "county" },
    { "id": "us-il-edgar-county", "name": "Edgar County", "state": "il", "type": "county" },
    { "id": "us-il-edwards-county", "name": "Edwards County", "state": "il", "type": "county" },
    { "id": "us-il-effingham-county", "name": "Effingham County", "state": "il", "type": "county" },
    { "id": "us-il-fayette-county", "name": "Fayette County", "state": "il", "type": "county" },
    { "id": "us-il-ford-county", "name": "Ford County", "state": "il", "type": "county" },
    { "id": "us-il-franklin-county", "name": "Franklin County", "state": "il", "type": "county" },
    { "id": "us-il-fulton-county", "name": "Fulton County", "state": "il", "type": "county" },
    { "id": "us-il-gallatin-county", "name": "Gallatin County", "state": "il", "type": "county" },
    { "id": "us-il-greene-county", "name": "Greene County", "state": "il", "type": "county" },
    { "id": "us-il-grundy-county", "name": "Grundy County", "state": "il", "type": "county" },
    { "id": "us-il-hamilton-county", "name": "Hamilton County", "state": "il", "type": "county" },
    { "id": "us-il-hancock-county", "name": "Hancock County", "state": "il", "type": "county" },
    { "id": "us-il-hardin-county", "name": "Hardin County", "state": "il", "type": "county" },
    { "id": "us-il-henderson-county", "name": "Henderson County", "state": "il", "type": "county" },
    { "id": "us-il-henry-county", "name": "Henry County", "state": "il", "type": "county" },
    { "id": "us-il-iroquois-county", "name": "Iroquois County", "state": "il", "type": "county" },
    { "id": "us-il-jackson-county", "name": "Jackson County", "state": "il", "type": "county" },
    { "id": "us-il-jasper-county", "name": "Jasper County", "state": "il", "type": "county" },
    { "id": "us-il-jefferson-county", "name": "Jefferson County", "state": "il", "type": "county" },
    { "id": "us-il-jersey-county", "name": "Jersey County", "state": "il", "type": "county" },
    { "id": "us-il-jo-daviess-county", "name": "Jo Daviess County", "state": "il", "type": "county" },
    { "id": "us-il-johnson-county", "name": "Johnson County", "state": "il", "type": "county" },
    { "id": "us-il-kane-county", "name": "Kane County", "state": "il", "type": "county" },
    { "id": "us-il-kankakee-county", "name": "Kankakee County", "state": "il", "type": "county" },
    { "id": "us-il-kendall-county", "name": "Kendall County", "state": "il", "type": "county" },
    { "id": "us-il-knox-county", "name": "Knox County", "state": "il", "type": "county" },
    { "id": "us-il-lake-county", "name": "Lake County", "state": "il", "type": "county" },
    { "id": "us-il-la-salle-county", "name": "La Salle County", "state": "il", "type": "county" },
    { "id": "us-il-lawrence-county", "name": "Lawrence County", "state": "il", "type": "county" },
    { "id": "us-il-lee-county", "name": "Lee County", "state": "il", "type": "county" },
    { "id": "us-il-livingston-county", "name": "Livingston County", "state": "il", "type": "county" },
    { "id": "us-il-logan-county", "name": "Logan County", "state": "il", "type": "county" },
    { "id": "us-il-macon-county", "name": "Macon County", "state": "il", "type": "county" },
    { "id": "us-il-macoupin-county", "name": "Macoupin County", "state": "il", "type": "county" },
    { "id": "us-il-madison-county", "name": "Madison County", "state": "il", "type": "county" },
    { "id": "us-il-marion-county", "name": "Marion County", "state": "il", "type": "county" },
    { "id": "us-il-marshall-county", "name": "Marshall County", "state": "il", "type": "county" },
    { "id": "us-il-mason-county", "name": "Mason County", "state": "il", "type": "county" },
    { "id": "us-il-massac-county", "name": "Massac County", "state": "il", "type": "county" },
    { "id": "us-il-mcdonough-county", "name": "McDonough County", "state": "il", "type": "county" },
    { "id": "us-il-mchenry-county", "name": "McHenry County", "state": "il", "type": "county" },
    { "id": "us-il-mclean-county", "name": "McLean County", "state": "il", "type": "county" },
    { "id": "us-il-menard-county", "name": "Menard County", "state": "il", "type": "county" },
    { "id": "us-il-mercer-county", "name": "Mercer County", "state": "il", "type": "county" },
    { "id": "us-il-monroe-county", "name": "Monroe County", "state": "il", "type": "county" },
    { "id": "us-il-montgomery-county", "name": "Montgomery County", "state": "il", "type": "county" },
    { "id": "us-il-morgan-county", "name": "Morgan County", "state": "il", "type": "county" },
    { "id": "us-il-moultrie-county", "name": "Moultrie County", "state": "il", "type": "county" },
    { "id": "us-il-ogle-county", "name": "Ogle County", "state": "il", "type": "county" },
    { "id": "us-il-peoria-county", "name": "Peoria County", "state": "il", "type": "county" },
    { "id": "us-il-perry-county", "name": "Perry County", "state": "il", "type": "county" },
    { "id": "us-il-piatt-county", "name": "Piatt County", "state": "il", "type": "county" },
    { "id": "us-il-pike-county", "name": "Pike County", "state": "il", "type": "county" },
    { "id": "us-il-pope-county", "name": "Pope County", "state": "il", "type": "county" },
    { "id": "us-il-pulaski-county", "name": "Pulaski County", "state": "il", "type": "county" },
    { "id": "us-il-putnam-county", "name": "Putnam County", "state": "il", "type": "county" },
    { "id": "us-il-randolph-county", "name": "Randolph County", "state": "il", "type": "county" },
    { "id": "us-il-richland-county", "name": "Richland County", "state": "il", "type": "county" },
    { "id": "us-il-rock-island-county", "name": "Rock Island County", "state": "il", "type": "county" },
    { "id": "us-il-st-clair-county", "name": "St. Clair County", "state": "il", "type": "county" },
    { "id": "us-il-saline-county", "name": "Saline County", "state": "il", "type": "county" },
    { "id": "us-il-sangamon-county", "name": "Sangamon County", "state": "il", "type": "county" },
    { "id": "us-il-schuyler-county", "name": "Schuyler County", "state": "il", "type": "county" },
    { "id": "us-il-scott-county", "name": "Scott County", "state": "il", "type": "county" },
    { "id": "us-il-shelby-county", "name": "Shelby County", "state": "il", "type": "county" },
    { "id": "us-il-stark-county", "name": "Stark County", "state": "il", "type": "county" },
    { "id": "us-il-stephenson-county", "name": "Stephenson County", "state": "il", "type": "county" },
    { "id": "us-il-tazewell-county", "name": "Tazewell County", "state": "il", "type": "county" },
    { "id": "us-il-union-county", "name": "Union County", "state": "il", "type": "county" },
    { "id": "us-il-vermilion-county", "name": "Vermilion County", "state": "il", "type": "county" },
    { "id": "us-il-wabash-county", "name": "Wabash County", "state": "il", "type": "county" },
    { "id": "us-il-warren-county", "name": "Warren County", "state": "il", "type": "county" },
    { "id": "us-il-washington-county", "name": "Washington County", "state": "il", "type": "county" },
    { "id": "us-il-wayne-county", "name": "Wayne County", "state": "il", "type": "county" },
    { "id": "us-il-white-county", "name": "White County", "state": "il", "type": "county" },
    { "id": "us-il-whiteside-county", "name": "Whiteside County", "state": "il", "type": "county" },
    { "id": "us-il-will-county", "name": "Will County", "state": "il", "type": "county" },
    { "id": "us-il-williamson-county", "name": "Williamson County", "state": "il", "type": "county" },
    { "id": "us-il-winnebago-county", "name": "Winnebago County", "state": "il", "type": "county" },
    { "id": "us-il-woodford-county", "name": "Woodford County", "state": "il", "type": "county" }
  ]
}