{
  "areas": [
    { "id": "us-nc-alamance-county", "name": "Alamance County", "state": "nc", "type": "county" },
    { "id": "us-nc-alexander-county", "name": "Alexander County", "state": "nc", "type": "county" },
    { "id": "us-nc-alleghany-county", "name": "Alleghany County", "state": "nc", "type": "county" },
    { "id": "us-nc-anson-county", "name": "Anson County", "state": "nc", "type": "county" },
    { "id": "us-nc-ashe-county", "name": "Ashe County", "state": "nc", "type": "county" },
    { "id": "us-nc-avery-county", "name": "Avery County", "state": "nc", "type": "county" },
    { "id": "us-nc-beaufort-county", "name": "Beaufort County", "state": "nc", "type": "county" },
    { "id": "us-nc-bertie-county", "name": "Bertie County", "state": "nc", "type": "county" },
    { "id": "us-nc-bladen-county", "name": "Bladen County", "state": "nc", "type": "county" },
    { "id": "us-nc-brunswick-county", "name": "Brunswick County", "state": "nc", "type": "county" },
    { "id": "us-nc-buncombe-county", "name": "Buncombe County", "state": "nc", "type": "county" },
    { "id": "us-nc-burke-county", "name": "Burke County", "state": "nc", "type": "county" },
    { "id": "us-nc-cabarrus-county", "name": "Cabarrus County", "state": "nc", "type": "county" },
    { "id": "us-nc-caldwell-county", "name": "Caldwell County", "state": "nc", "type": "county" },
    { "id": "us-nc-camden-county", "name": "Camden County", "state": "nc", "type": "county" },
    { "id": "us-nc-carteret-county", "name": "Carteret County", "state": "nc", "type": "county" },
    { "id": "us-nc-caswell-county", "name": "Caswell County", "state": "nc", "type": "county" },
    { "id": "us-nc-catawba-county", "name": "Catawba County", "state": "nc", "type": "county" },
    { "id": "us-nc-chatham-county", "name": "Chatham County", "state": "nc", "type": "county" },
    { "id": "us-nc-cherokee-county", "name": "Cherokee County", "state": "nc", "type": "county" },
    { "id": "us-nc-chowan-county", "name": "Chowan County", "state": "nc", "type": "county" },
    { "id": "us-nc-clay-county", "name": "Clay County", "state": "nc", "type": "county" },
    { "id": "us-nc-cleveland-county", "name": "Cleveland County", "state": "nc", "type": "county" },
    { "id": "us-nc-columbus-county", "name": "Columbus County", "state": "nc", "type": "county" },
    { "id": "us-nc-craven-county", "name": "Craven County", "state": "nc", "type": "county" },
    { "id": "us-nc-cumberland-county", "name": "Cumberland County", "state": "nc", "type": "county" },
    { "id": "us-nc-currituck-county", "name": "Currituck County", "state": "nc", "type": "county" },
    { "id": "us-nc-dare-county", "name": "Dare County", "state": "nc", "type": "county" },
    { "id": "us-nc-davidson-county", "name": "Davidson County", "state": "nc", "type": "county" },
    { "id": "us-nc-davie-county", "name": "Davie County", "state": "nc", "type": "county" },
    { "id": "us-nc-duplin-county", "name": "Duplin County", "state": "nc", "type": "county" },
    { "id": "us-nc-durham-county", "name": "Durham County", "state": "nc", "type": "county" },
    { "id": "us-nc-edgecombe-county", "name": "Edgecombe County", "state": "nc", "type": "county" },
    { "id": "us-nc-forsyth-county", "name": "Forsyth County", "state": "nc", "type": "county" },
    { "id": "us-nc-franklin-county", "name": "Franklin County", "state": "nc", "type": "county" },
    { "id": "us-nc-gaston-county", "name": "Gaston County", "state": "nc", "type": "county" },
    { "id": "us-nc-gates-county", "name": "Gates County", "state": "nc", "type": "county" },
    { "id": "us-nc-graham-county", "name": "Graham County", "state": "nc", "type": "county" },
    { "id": "us-nc-granville-county", "name": "Granville County", "state": "nc", "type": "county" },
    { "id": "us-nc-greene-county", "name": "Greene County", "state": "nc", "type": "county" },
    { "id": "us-nc-guilford-county", "name": "Guilford County", "state": "nc", "type": "county" },
    { "id": "us-nc-halifax-county", "name": "Halifax County", "state": "nc", "type": "county" },
    { "id": "us-nc-harnett-county", "name": "Harnett County", "state": "nc", "type": "county" },
    { "id": "us-nc-haywood-county", "name": "Haywood County", "state": "nc", "type": "county" },
    { "id": "us-nc-henderson-county", "name": "Henderson County", "state": "nc", "type": "county" },
    { "id": "us-nc-hertford-county", "name": "Hertford County", "state": "nc", "type": "county" },
    { "id": "us-nc-hoke-county", "name": "Hoke County", "state": "nc", "type": "county" },
    { "id": "us-nc-hyde-county", "name": "Hyde County", "state": "nc", "type": "county" },
    { "id": "us-nc-iredell-county", "name": "Iredell County", "state": "nc", "type": "county" },
    { "id": "us-nc-jackson-county", "name": "Jackson County", "state": "nc", "type": "county" },
    { "id": "us-nc-johnston-county", "name": "Johnston County", "state": "nc", "type": "county" },
    { "id": "us-nc-jones-county", "name": "Jones County", "state": "nc", "type": "county" },
    { "id": "us-nc-lee-county", "name": "Lee County", "state": "nc", "type": "county" },
    { "id": "us-nc-lenoir-county", "name": "Lenoir County", "state": "nc", "type": "county" },
    { "id": "us-nc-lincoln-county", "name": "Lincoln County", "state": "nc", "type": "county" },
    { "id": "us-nc-mcdowell-county", "name": "McDowell County", "state": "nc", "type": "county" },
    { "id": "us-nc-macon-county", "name": "Macon County", "state": "nc", "type": "county" },
    { "id": "us-nc-madison-county", "name": "Madison County", "state": "nc", "type": "county" },
    { "id": "us-nc-martin-county", "name": "Martin County", "state": "nc", "type": "county" },
    { "id": "us-nc-mecklenburg-county", "name": "Mecklenburg County", "state": "nc", "type": "county" },
    { "id": "us-nc-mitchell-county", "name": "Mitchell County", "state": "nc", "type": "county" },
    { "id": "us-nc-montgomery-county", "name": "Montgomery County", "state": "nc", "type": "county" },
    { "id": "us-nc-moore-county", "name": "Moore County", "state": "nc", "type": "county" },
    { "id": "us-nc-nash-county", "name": "Nash County", "state": "nc", "type": "county" },
    { "id": "us-nc-new-hanover-county", "name": "New Hanover County", "state": "nc", "type": "county" },
    { "id": "us-nc-northampton-county", "name": "Northampton County", "state": "nc", "type": "county" },
    { "id": "us-nc-onslow-county", "name": "Onslow County", "state": "nc", "type": "county" },
    { "id": "us-nc-orange-county", "name": "Orange County", "state": "nc", "type": "county" },
    { "id": "us-nc-pamlico-county", "name": "Pamlico County", "state": "nc", "type": "county" },
    { "id": "us-nc-pasquotank-county", "name": "Pasquotank County", "state": "nc", "type": "county" },
    { "id": "us-nc-pender-county", "name": "Pender County", "state": "nc", "type": "county" },
    { "id": "us-nc-perquimans-county", "name": "Perquimans County", "state": "nc", "type": "county" },
    { "id": "us-nc-person-county", "name": "Person County", "state": "nc", "type": "county" },
    { "id": "us-nc-pitt-county", "name": "Pitt County", "state": "nc", "type": "county" },
    { "id": "us-nc-polk-county", "name": "Polk County", "state": "nc", "type": "county" },
    { "id": "us-nc-randolph-county", "name": "Randolph County", "state": "nc", "type": "county" },
    { "id": "us-nc-richmond-county", "name": "Richmond County", "state": "nc", "type": "county" },
    { "id": "us-nc-robeson-county", "name": "Robeson County", "state": "nc", "type": "county" },
    { "id": "us-nc-rockingham-county", "name": "Rockingham County", "state": "nc", "type": "county" },
    { "id": "us-nc-rowan-county", "name": "Rowan County", "state": "nc", "type": "county" },
    { "id": "us-nc-rutherford-county", "name": "Rutherford County", "state": "nc", "type": "county" },
    { "id": "us-nc-sampson-county", "name": "Sampson County", "state": "nc", "type": "county" },
    { "id": "us-nc-scotland-county", "name": "Scotland County", "state": "nc", "type": "county" },
    { "id": "us-nc-stanly-county", "name": "Stanly County", "state": "nc", "type": "county" },
    { "id": "us-nc-stokes-county", "name": "Stokes County", "state": "nc", "type": "county" },
    { "id": "us-nc-surry-county", "name": "Surry County", "state": "nc", "type": "county" },
    { "id": "us-nc-swain-county", "name": "Swain County", "state": "nc", "type": "county" },
    { "id": "us-nc-transylvania-county", "name": "Transylvania County", "state": "nc", "type": "county" },
    { "id": "us-nc-tyrrell-county", "name": "Tyrrell County", "state": "nc", "type": "county" },
    { "id": "us-nc-union-county", "name": "Union County", "state": "nc", "type": "county" },
    { "id": "us-nc-vance-county", "name": "Vance County", "state": "nc", "type": "county" },
    { "id": "us-nc-wake-county", "name": "Wake County", "state": "nc", "type": "county" },
    { "id": "us-nc-warren-county", "name": "Warren County", "state": "nc", "type": "county" },
    { "id": "us-nc-washington-county", "name": "Washington County", "state": "nc", "type": "county" },
    { "id": "us-nc-watauga-county", "name": "Watauga County", "state": "nc", "type": "county" },
    { "id": "us-nc-wayne-county", "name": "Wayne County", "state": "nc", "type": "county" },
    { "id": "us-nc-wilkes-county", "name": "Wilkes County", "state": "nc", "type": "county" },
    { "id": "us-nc-wilson-county", "name": "Wilson County", "state": "nc", "type": "county" },
    { "id": "us-nc-yadkin-county", "name": "Yadkin County", "state": "nc", "type": "county" },
    { "id": "us-nc-yancey-county", "name": "Yancey County", "state": "nc", "type": "county" }
  ]
}