{
  "areas": [
    { "id": "us-sd-aurora-county", "name": "Aurora County", "state": "sd", "type": "county" },
    { "id": "us-sd-beadle-county", "name": "Beadle County", "state": "sd", "type": "county" },
    { "id": "us-sd-bennett-county", "name": "Bennett County", "state": "sd", "type": "county" },
    { "id": "us-sd-bon-homme-county", "name": "Bon Homme County", "state": "sd", "type": "county" },
    { "id": "us-sd-brookings-county", "name": "Brookings County", "state": "sd", "type": "county" },
    { "id": "us-sd-brown-county", "name": "Brown County", "state": "sd", "type": "county" },
    { "id": "us-sd-brule-county", "name": "Brule County", "state": "sd", "type": "county" },
    { "id": "us-sd-buffalo-county", "name": "Buffalo County", "state": "sd", "type": "county" },
    { "id": "us-sd-butte-county", "name": "Butte County", "state": "sd", "type": "county" },
    { "id": "us-sd-campbell-county", "name": "Campbell County", "state": "sd", "type": "county" },
    { "id": "us-sd-charles-mix-county", "name": "Charles Mix County", "state": "sd", "type": "county" },
    { "id": "us-sd-clark-county", "name": "Clark County", "state": "sd", "type": "county" },
    { "id": "us-sd-clay-county", "name": "Clay County", "state": "sd", "type": "county" },
    { "id": "us-sd-codington-county", "name": "Codington County", "state": "sd", "type": "county" },
    { "id": "us-sd-corson-county", "name": "Corson County", "state": "sd", "type": "county" },
    { "id": "us-sd-custer-county", "name": "Custer County", "state": "sd", "type": "county" },
    { "id": "us-sd-davison-county", "name": "Davison County", "state": "sd", "type": "county" },
    { "id": "us-sd-day-county", "name": "Day County", "state": "sd", "type": "county" },
    { "id": "us-sd-deuel-county", "name": "Deuel County", "state": "sd", "type": "county" },
    { "id": "us-sd-dewey-county", "name": "Dewey County", "state": "sd", "type": "county" },
    { "id": "us-sd-douglas-county", "name": "Douglas County", "state": "sd", "type": "county" },
    { "id": "us-sd-edmunds-county", "name": "Edmunds County", "state": "sd", "type": "county" },
    { "id": "us-sd-fall-river-county", "name": "Fall River County", "state": "sd", "type": "county" },
    { "id": "us-sd-faulk-county", "name": "Faulk County", "state": "sd", "type": "county" },
    { "id": "us-sd-grant-county", "name": "Grant County", "state": "sd", "type": "county" },
    { "id": "us-sd-gregory-county", "name": "Gregory County", "state": "sd", "type": "county" },
    { "id": "us-sd-haakon-county", "name": "Haakon County", "state": "sd", "type": "county" },
    { "id": "us-sd-hamlin-county", "name": "Hamlin County", "state": "sd", "type": "county" },
    { "id": "us-sd-hand-county", "name": "Hand County", "state": "sd", "type": "county" },
    { "id": "us-sd-hanson-county", "name": "Hanson County", "state": "sd", "type": "county" },
    { "id": "us-sd-harding-county", "name": "Harding County", "state": "sd", "type": "county" },
    { "id": "us-sd-hughes-county", "name": "Hughes County", "state": "sd", "type": "county" },
    { "id": "us-sd-hutchinson-county", "name": "Hutchinson County", "state": "sd", "type": "county" },
    { "id": "us-sd-hyde-county", "name": "Hyde County", "state": "sd", "type": "county" },
    { "id": "us-sd-jackson-county", "name": "Jackson County", "state": "sd", "type": "county" },
    { "id": "us-sd-jerauld-county", "name": "Jerauld County", "state": "sd", "type": "county" },
    { "id": "us-sd-jones-county", "name": "Jones County", "state": "sd", "type": "county" },
    { "id": "us-sd-kingsbury-county", "name": "Kingsbury County", "state": "sd", "type": "county" },
    { "id": "us-sd-lake-county", "name": "Lake County", "state": "sd", "type": "county" },
    { "id": "us-sd-lawrence-county", "name": "Lawrence County", "state": "sd", "type": "county" },
    { "id": "us-sd-lincoln-county", "name": "Lincoln County", "state": "sd", "type": "county" },
    { "id": "us-sd-lyman-county", "name": "Lyman County", "state": "sd", "type": "county" },
    { "id": "us-sd-mccook-county", "name": "McCook County", "state": "sd", "type": "county" },
    { "id": "us-sd-mcpherson-county", "name": "McPherson County", "state": "sd", "type": "county" },
    { "id": "us-sd-marshall-county", "name": "Marshall County", "state": "sd", "type": "county" },
    { "id": "us-sd-meade-county", "name": "Meade County", "state": "sd", "type": "county" },
    { "id": "us-sd-mellette-county", "name": "Mellette County", "state": "sd", "type": "county" },
    { "id": "us-sd-miner-county", "name": "Miner County", "state": "sd", "type": "county" },
    { "id": "us-sd-minnehaha-county", "name": "Minnehaha County", "state": "sd", "type": "county" },
    { "id": "us-sd-moody-county", "name": "Moody County", "state": "sd", "type": "county" },
    { "id": "us-sd-oglala-lakota-county", "name": "Oglala Lakota County", "state": "sd", "type": "county" },
    { "id": "us-sd-pennington-county", "name": "Pennington County", "state": "sd", "type": "county" },
    { "id": "us-sd-perkins-county", "name": "Perkins County", "state": "sd", "type": "county" },
    { "id": "us-sd-potter-county", "name": "Potter County", "state": "sd", "type": "county" },
    { "id": "us-sd-roberts-county", "name": "Roberts County", "state": "sd", "type": "county" },
    { "id": "us-sd-sanborn-county", "name": "Sanborn County", "state": "sd", "type": "county" },
    { "id": "us-sd-spink-county", "name": "Spink County", "state": "sd", "type": "county" },
    { "id": "us-sd-stanley-county", "name": "Stanley County", "state": "sd", "type": "county" },
    { "id": "us-sd-sully-county", "name": "Sully County", "state": "sd", "type": "county" },
    { "id": "us-sd-todd-county", "name": "Todd County", "state": "sd", "type": "county" },
    { "id": "us-sd-tripp-county", "name": "Tripp County", "state": "sd", "type": "county" },
    { "id": "us-sd-turner-county", "name": "Turner County", "state": "sd", "type": "county" },
    { "id": "us-sd-union-county", "name": "Union County", "state": "sd", "type": "county" },
    { "id": "us-sd-walworth-county", "name": "Walworth County", "state": "sd", "type": "county" },
    { "id": "us-sd-yankton-county", "name": "Yankton County", "state": "sd", "type": "county" },
    { "id": "us-sd-ziebach-county", "name": "Ziebach County", "state": "sd", "type": "county" }
  ]
}