{
  "areas": [
    { "id": "us-nd-adams-county", "name": "Adams County", "state": "nd", "type": "county" },
    { "id": "us-nd-barnes-county", "name": "Barnes County", "state": "nd", "type": "county" },
    { "id": "us-nd-benson-county", "name": "Benson County", "state": "nd", "type": "county" },
    { "id": "us-nd-billings-county", "name": "Billings County", "state": "nd", "type": "county" },
    { "id": "us-nd-bottineau-county", "name": "Bottineau County", "state": "nd", "type": "county" },
    { "id": "us-nd-bowman-county", "name": "Bowman County", "state": "nd", "type": "county" },
    { "id": "us-nd-burke-county", "name": "Burke County", "state": "nd", "type": "county" },
    { "id": "us-nd-burleigh-county", "name": "Burleigh County", "state": "nd", "type": "county" },
    { "id": "us-nd-cass-county", "name": "Cass County", "state": "nd", "type": "county" },
    { "id": "us-nd-cavalier-county", "name": "Cavalier County", "state": "nd", "type": "county" },
    { "id": "us-nd-dickey-county", "name": "Dickey County", "state": "nd", "type": "county" },
    { "id": "us-nd-divide-county", "name": "Divide County", "state": "nd", "type": "county" },
    { "id": "us-nd-dunn-county", "name": "Dunn County", "state": "nd", "type": "county" },
    { "id": "us-nd-eddy-county", "name": "Eddy County", "state": "nd", "type": "county" },
    { "id": "us-nd-emmons-county", "name": "Emmons County", "state": "nd", "type": "county" },
    { "id": "us-nd-foster-county", "name": "Foster County", "state": "nd", "type": "county" },
    { "id": "us-nd-golden-valley-county", "name": "Golden Valley County", "state": "nd", "type": "county" },
    { "id": "us-nd-grand-forks-county", "name": "Grand Forks County", "state": "nd", "type": "county" },
    { "id": "us-nd-grant-county", "name": "Grant County", "state": "nd", "type": "county" },
    { "id": "us-nd-griggs-county", "name": "Griggs County", "state": "nd", "type": "county" },
    { "id": "us-nd-hettinger-county", "name": "Hettinger County", "state": "nd", "type": "county" },
    { "id": "us-nd-kidder-county", "name": "Kidder County", "state": "nd", "type": "county" },
    { "id": "us-nd-lamoure-county", "name": "LaMoure County", "state": "nd", "type": "county" },
    { "id": "us-nd-logan-county", "name": "Logan County", "state": "nd", "type": "county" },
    { "id": "us-nd-mchenry-county", "name": "McHenry County", "state": "nd", "type": "county" },
    { "id": "us-nd-mcintosh-county", "name": "McIntosh County", "state": "nd", "type": "county" },
    { "id": "us-nd-mckenzie-county", "name": "McKenzie County", "state": "nd", "type": "county" },
    { "id": "us-nd-mclean-county", "name": "McLean County", "state": "nd", "type": "county" },
    { "id": "us-nd-mercer-county", "name": "Mercer County", "state": "nd", "type": "county" },
    { "id": "us-nd-morton-county", "name": "Morton County", "state": "nd", "type": "county" },
    { "id": "us-nd-mountrail-county", "name": "Mountrail County", "state": "nd", "type": "county" },
    { "id": "us-nd-nelson-county", "name": "Nelson County", "state": "nd", "type": "county" },
    { "id": "us-nd-oliver-county", "name": "Oliver County", "state": "nd", "type": "county" },
    { "id": "us-nd-pembina-county", "name": "Pembina County", "state": "nd", "type": "county" },
    { "id": "us-nd-pierce-county", "name": "Pierce County", "state": "nd", "type": "county" },
    { "id": "us-nd-ramsey-county", "name": "Ramsey County", "state": "nd", "type": "county" },
    { "id": "us-nd-ransom-county", "name": "Ransom County", "state": "nd", "type": "county" },
    { "id": "us-nd-renville-county", "name": "Renville County", "state": "nd", "type": "county" },
    { "id": "us-nd-richland-county", "name": "Richland County", "state": "nd", "type": "county" },
    { "id": "us-nd-rolette-county", "name": "Rolette County", "state": "nd", "type": "county" },
    { "id": "us-nd-sargent-county", "name": "Sargent County", "state": "nd", "type": "county" },
    { "id": "us-nd-sheridan-county", "name": "Sheridan County", "state": "nd", "type": "county" },
    { "id": "us-nd-sioux-county", "name": "Sioux County", "state": "nd", "type": "county" },
    { "id": "us-nd-slope-county", "name": "Slope County", "state": "nd", "type": "county" },
    { "id": "us-nd-stark-county", "name": "Stark County", "state": "nd", "type": "county" },
    { "id": "us-nd-steele-county", "name": "Steele County", "state": "nd", "type": "county" },
    { "id": "us-nd-stutsman-county", "name": "Stutsman County", "state": "nd", "type": "county" },
    { "id": "us-nd-towner-county", "name": "Towner County", "state": "nd", "type": "county" },
    { "id": "us-nd-traill-county", "name": "Traill County", "state": "nd", "type": "county" },
    { "id": "us-nd-walsh-county", "name": "Walsh County", "state": "nd", "type": "county" },
    { "id": "us-nd-ward-county", "name": "Ward County", "state": "nd", "type": "county" },
    { "id": "us-nd-wells-county", "name": "Wells County", "state": "nd", "type": "county" },
    { "id": "us-nd-williams-county", "name": "Williams County", "state": "nd", "type": "county" }
  ]
}