{
  "areas": [
    { "id": "us-pa-adams-county", "name": "Adams County", "state": "pa", "type": "county" },
    { "id": "us-pa-allegheny-county", "name": "Allegheny County", "state": "pa", "type": "county" },
    { "id": "us-pa-armstrong-county", "name": "Armstrong County", "state": "pa", "type": "county" },
    { "id": "us-pa-beaver-county", "name": "Beaver County", "state": "pa", "type": "county" },
    { "id": "us-pa-bedford-county", "name": "Bedford County", "state": "pa", "type": "county" },
    { "id": "us-pa-berks-county", "name": "Berks County", "state": "pa", "type": "county" },
    { "id": "us-pa-blair-county", "name": "Blair County", "state": "pa", "type": "county" },
    { "id": "us-pa-bradford-county", "name": "Bradford County", "state": "pa", "type": "county" },
    { "id": "us-pa-bucks-county", "name": "Bucks County", "state": "pa", "type": "county" },
    { "id": "us-pa-butler-county", "name": "Butler County", "state": "pa", "type": "county" },
    { "id": "us-pa-cambria-county", "name": "Cambria County", "state": "pa", "type": "county" },
    { "id": "us-pa-cameron-county", "name": "Cameron County", "state": "pa", "type": "county" },
    { "id": "us-pa-carbon-county", "name": "Carbon County", "state": "pa", "type": "county" },
    { "id": "us-pa-centre-county", "name": "Centre County", "state": "pa", "type": "county" },
    { "id": "us-pa-chester-county", "name": "Chester County", "state": "pa", "type": "county" },
    { "id": "us-pa-clarion-county", "name": "Clarion County", "state": "pa", "type": "county" },
    { "id": "us-pa-clearfield-county", "name": "Clearfield County", "state": "pa", "type": "county" },
    { "id": "us-pa-clinton-county", "name": "Clinton County", "state": "pa", "type": "county" },
    { "id": "us-pa-columbia-county", "name": "Columbia County", "state": "pa", "type": "county" },
    { "id": "us-pa-crawford-county", "name": "Crawford County", "state": "pa", "type": "county" },
    { "id": "us-pa-cumberland-county", "name": "Cumberland County", "state": "pa", "type": "county" },
    { "id": "us-pa-dauphin-county", "name": "Dauphin County", "state": "pa", "type": "county" },
    { "id": "us-pa-delaware-county", "name": "Delaware County", "state": "pa", "type": "county" },
    { "id": "us-pa-elk-county", "name": "Elk County", "state": "pa", "type": "county" },
    { "id": "us-pa-erie-county", "name": "Erie County", "state": "pa", "type": "county" },
    { "id": "us-pa-fayette-county", "name": "Fayette County", "state": "pa", "type": "county" },
    { "id": "us-pa-forest-county", "name": "Forest County", "state": "pa", "type": "county" },
    { "id": "us-pa-franklin-county", "name": "Franklin County", "state": "pa", "type": "county" },
    { "id": "us-pa-fulton-county", "name": "Fulton County", "state": "pa", "type": "county" },
    { "id": "us-pa-greene-county", "name": "Greene County", "state": "pa", "type": "county" },
    { "id": "us-pa-huntingdon-county", "name": "Huntingdon County", "state": "pa", "type": "county" },
    { "id": "us-pa-indiana-county", "name": "Indiana County", "state": "pa", "type": "county" },
    { "id": "us-pa-jefferson-county", "name": "Jefferson County", "state": "pa", "type": "county" },
    { "id": "us-pa-juniata-county", "name": "Juniata County", "state": "pa", "type": "county" },
    { "id": "us-pa-lackawanna-county", "name": "Lackawanna County", "state": "pa", "type": "county" },
    { "id": "us-pa-lancaster-county", "name": "Lancaster County", "state": "pa", "type": "county" },
    { "id": "us-pa-lawrence-county", "name": "Lawrence County", "state": "pa", "type": "county" },
    { "id": "us-pa-lebanon-county", "name": "Lebanon County", "state": "pa", "type": "county" },
    { "id": "us-pa-lehigh-county", "name": "Lehigh County", "state": "pa", "type": "county" },
    { "id": "us-pa-luzerne-county", "name": "Luzerne County", "state": "pa", "type": "county" },
    { "id": "us-pa-lycoming-county", "name": "Lycoming County", "state": "pa", "type": "county" },
    { "id": "us-pa-mckean-county", "name": "McKean County", "state": "pa", "type": "county" },
    { "id": "us-pa-mercer-county", "name": "Mercer County", "state": "pa", "type": "county" },
    { "id": "us-pa-mifflin-county", "name": "Mifflin County", "state": "pa", "type": "county" },
    { "id": "us-pa-monroe-county", "name": "Monroe County", "state": "pa", "type": "county" },
    { "id": "us-pa-montgomery-county", "name": "Montgomery County", "state": "pa", "type": "county" },
    { "id": "us-pa-montour-county", "name": "Montour County", "state": "pa", "type": "county" },
    { "id": "us-pa-northampton-county", "name": "Northampton County", "state": "pa", "type": "county" },
    { "id": "us-pa-northumberland-county", "name": "Northumberland County", "state": "pa", "type": "county" },
    { "id": "us-pa-perry-county", "name": "Perry County", "state": "pa", "type": "county" },
    { "id": "us-pa-philadelphia-county", "name": "Philadelphia County", "state": "pa", "type": "county" },
    { "id": "us-pa-pike-county", "name": "Pike County", "state": "pa", "type": "county" },
    { "id": "us-pa-potter-county", "name": "Potter County", "state": "pa", "type": "county" },
    { "id": "us-pa-schuylkill-county", "name": "Schuylkill County", "state": "pa", "type": "county" },
    { "id": "us-pa-snyder-county", "name": "Snyder County", "state": "pa", "type": "county" },
    { "id": "us-pa-somerset-county", "name": "Somerset County", "state": "pa", "type": "county" },
    { "id": "us-pa-sullivan-county", "name": "Sullivan County", "state": "pa", "type": "county" },
    { "id": "us-pa-susquehanna-county", "name": "Susquehanna County", "state": "pa", "type": "county" },
    { "id": "us-pa-tioga-county", "name": "Tioga County", "state": "pa", "type": "county" },
    { "id": "us-pa-union-county", "name": "Union County", "state": "pa", "type": "county" },
    { "id": "us-pa-venango-county", "name": "Venango County", "state": "pa", "type": "county" },
    { "id": "us-pa-warren-county", "name": "Warren County", "state": "pa", "type": "county" },
    { "id": "us-pa-washington-county", "name": "Washington County", "state": "pa", "type": "county" },
    { "id": "us-pa-wayne-county", "name": "Wayne County", "state": "pa", "type": "county" },
    { "id": "us-pa-westmoreland-county", "name": "Westmoreland County", "state": "pa", "type": "county" },
    { "id": "us-pa-wyoming-county", "name": "Wyoming County", "state": "pa", "type": "county" },
    { "id": "us-pa-york-county", "name": "York County", "state": "pa", "type": "county" }
  ]
}