{
  "areas": [
    { "id": "us-mi-alcona-county", "name": "Alcona County", "state": "mi", "type": "county" },
    { "id": "us-mi-alger-county", "name": "Alger County", "state": "mi", "type": "county" },
    { "id": "us-mi-allegan-county", "name": "Allegan County", "state": "mi", "type": "county" },
    { "id": "us-mi-alpena-county", "name": "Alpena County", "state": "mi", "type": "county" },
    { "id": "us-mi-antrim-county", "name": "Antrim County", "state": "mi", "type": "county" },
    { "id": "us-mi-arenac-county", "name": "Arenac County", "state": "mi", "type": "county" },
    { "id": "us-mi-baraga-county", "name": "Baraga County", "state": "mi", "type": "county" },
    { "id": "us-mi-barry-county", "name": "Barry County", "state": "mi", "type": "county" },
    { "id": "us-mi-bay-county", "name": "Bay County", "state": "mi", "type": "county" },
    { "id": "us-mi-benzie-county", "name": "Benzie County", "state": "mi", "type": "county" },
    { "id": "us-mi-berrien-county", "name": "Berrien County", "state": "mi", "type": "county" },
    { "id": "us-mi-branch-county", "name": "Branch County", "state": "mi", "type": "county" },
    { "id": "us-mi-calhoun-county", "name": "Calhoun County", "state": "mi", "type": "county" },
    { "id": "us-mi-cass-county", "name": "Cass County", "state": "mi", "type": "county" },
    { "id": "us-mi-charlevoix-county", "name": "Charlevoix County", "state": "mi", "type": "county" },
    { "id": "us-mi-cheboygan-county", "name": "Cheboygan County", "state": "mi", "type": "county" },
    { "id": "us-mi-chippewa-county", "name": "Chippewa County", "state": "mi", "type": "county" },
    { "id": "us-mi-clare-county", "name": "Clare County", "state": "mi", "type": "county" },
    { "id": "us-mi-clinton-county", "name": "Clinton County", "state": "mi", "type": "county" },
    { "id": "us-mi-crawford-county", "name": "Crawford County", "state": "mi", "type": "county" },
    { "id": "us-mi-delta-county", "name": "Delta County", "state": "mi", "type": "county" },
    { "id": "us-mi-dickinson-county", "name": "Dickinson County", "state": "mi", "type": "county" },
    { "id": "us-mi-eaton-county", "name": "Eaton County", "state": "mi", "type": "county" },
    { "id": "us-mi-emmet-county", "name": "Emmet County", "state": "mi", "type": "county" },
    { "id": "us-mi-genesee-county", "name": "Genesee County", "state": "mi", "type": "county" },
    { "id": "us-mi-gladwin-county", "name": "Gladwin County", "state": "mi", "type": "county" },
    { "id": "us-mi-gogebic-county", "name": "Gogebic County", "state": "mi", "type": "county" },
    { "id": "us-mi-grand-traverse-county", "name": "Grand Traverse County", "state": "mi", "type": "county" },
    { "id": "us-mi-gratiot-county", "name": "Gratiot County", "state": "mi", "type": "county" },
    { "id": "us-mi-hillsdale-county", "name": "Hillsdale County", "state": "mi", "type": "county" },
    { "id": "us-mi-houghton-county", "name": "Houghton County", "state": "mi", "type": "county" },
    { "id": "us-mi-huron-county", "name": "Huron County", "state": "mi", "type": "county" },
    { "id": "us-mi-ingham-county", "name": "Ingham County", "state": "mi", "type": "county" },
    { "id": "us-mi-ionia-county", "name": "Ionia County", "state": "mi", "type": "county" },
    { "id": "us-mi-iosco-county", "name": "Iosco County", "state": "mi", "type": "county" },
    { "id": "us-mi-iron-county", "name": "Iron County", "state": "mi", "type": "county" },
    { "id": "us-mi-isabella-county", "name": "Isabella County", "state": "mi", "type": "county" },
    { "id": "us-mi-jackson-county", "name": "Jackson County", "state": "mi", "type": "county" },
    { "id": "us-mi-kalamazoo-county", "name": "Kalamazoo County", "state": "mi", "type": "county" },
    { "id": "us-mi-kalkaska-county", "name": "Kalkaska County", "state": "mi", "type": "county" },
    { "id": "us-mi-kent-county", "name": "Kent County", "state": "mi", "type": "county" },
    { "id": "us-mi-keweenaw-county", "name": "Keweenaw County", "state": "mi", "type": "county" },
    { "id": "us-mi-lake-county", "name": "Lake County", "state": "mi", "type": "county" },
    { "id": "us-mi-lapeer-county", "name": "Lapeer County", "state": "mi", "type": "county" },
    { "id": "us-mi-leelanau-county", "name": "Leelanau County", "state": "mi", "type": "county" },
    { "id": "us-mi-lenawee-county", "name": "Lenawee County", "state": "mi", "type": "county" },
    { "id": "us-mi-livingston-county", "name": "Livingston County", "state": "mi", "type": "county" },
    { "id": "us-mi-luce-county", "name": "Luce County", "state": "mi", "type": "county" },
    { "id": "us-mi-mackinac-county", "name": "Mackinac County", "state": "mi", "type": "county" },
    { "id": "us-mi-macomb-county", "name": "Macomb County", "state": "mi", "type": "county" },
    { "id": "us-mi-manistee-county", "name": "Manistee County", "state": "mi", "type": "county" },
    { "id": "us-mi-marquette-county", "name": "Marquette County", "state": "mi", "type": "county" },
    { "id": "us-mi-mason-county", "name": "Mason County", "state": "mi", "type": "county" },
    { "id": "us-mi-mecosta-county", "name": "Mecosta County", "state": "mi", "type": "county" },
    { "id": "us-mi-menominee-county", "name": "Menominee County", "state": "mi", "type": "county" },
    { "id": "us-mi-midland-county", "name": "Midland County", "state": "mi", "type": "county" },
    { "id": "us-mi-missaukee-county", "name": "Missaukee County", "state": "mi", "type": "county" },
    { "id": "us-mi-monroe-county", "name": "Monroe County", "state": "mi", "type": "county" },
    { "id": "us-mi-montcalm-county", "name": "Montcalm County", "state": "mi", "type": "county" },
    { "id": "us-mi-montmorency-county", "name": "Montmorency County", "state": "mi", "type": "county" },
    { "id": "us-mi-muskegon-county", "name": "Muskegon County", "state": "mi", "type": "county" },
    { "id": "us-mi-newaygo-county", "name": "Newaygo County", "state": "mi", "type": "county" },
    { "id": "us-mi-oakland-county", "name": "Oakland County", "state": "mi", "type": "county" },
    { "id": "us-mi-oceana-county", "name": "Oceana County", "state": "mi", "type": "county" },
    { "id": "us-mi-ogemaw-county", "name": "Ogemaw County", "state": "mi", "type": "county" },
    { "id": "us-mi-ontonagon-county", "name": "Ontonagon County", "state": "mi", "type": "county" },
    { "id": "us-mi-osceola-county", "name": "Osceola County", "state": "mi", "type": "county" },
    { "id": "us-mi-oscoda-county", "name": "Oscoda County", "state": "mi", "type": "county" },
    { "id": "us-mi-otsego-county", "name": "Otsego County", "state": "mi", "type": "county" },
    { "id": "us-mi-ottawa-county", "name": "Ottawa County", "state": "mi", "type": "county" },
    { "id": "us-mi-presque-isle-county", "name": "Presque Isle County", "state": "mi", "type": "county" },
    { "id": "us-mi-roscommon-county", "name": "Roscommon County", "state": "mi", "type": "county" },
    { "id": "us-mi-saginaw-county", "name": "Saginaw County", "state": "mi", "type": "county" },
    { "id": "us-mi-st-clair-county", "name": "St. Clair County", "state": "mi", "type": "county" },
    { "id": "us-mi-st-joseph-county", "name": "St. Joseph County", "state": "mi", "type": "county" },
    { "id": "us-mi-sanilac-county", "name": "Sanilac County", "state": "mi", "type": "county" },
    { "id": "us-mi-schoolcraft-county", "name": "Schoolcraft County", "state": "mi", "type": "county" },
    { "id": "us-mi-shiawassee-county", "name": "Shiawassee County", "state": "mi", "type": "county" },
    { "id": "us-mi-tuscola-county", "name": "Tuscola County", "state": "mi", "type": "county" },
    { "id": "us-mi-van-buren-county", "name": "Van Buren County", "state": "mi", "type": "county" },
    { "id": "us-mi-washtenaw-county", "name": "Washtenaw County", "state": "mi", "type": "county" },
    { "id": "us-mi-wayne-county", "name": "Wayne County", "state": "mi", "type": "county" },
    { "id": "us-mi-wexford-county", "name": "Wexford County", "state": "mi", "type": "county" }
  ]
}