{
  "areas": [
    { "id": "us-co-adams-county", "name": "Adams County", "state": "co", "type": "county" },
    { "id": "us-co-alamosa-county", "name": "Alamosa County", "state": "co", "type": "county" },
    { "id": "us-co-arapahoe-county", "name": "Arapahoe County", "state": "co", "type": "county" },
    { "id": "us-co-archuleta-county", "name": "Archuleta County", "state": "co", "type": "county" },
    { "id": "us-co-baca-county", "name": "Baca County", "state": "co", "type": "county" },
    { "id": "us-co-bent-county", "name": "Bent County", "state": "co", "type": "county" },
    { "id": "us-co-boulder-county", "name": "Boulder County", "state": "co", "type": "county" },
    { "id": "us-co-broomfield-county", "name": "Broomfield County", "state": "co", "type": "county" },
    { "id": "us-co-chaffee-county", "name": "Chaffee County", "state": "co", "type": "county" },
    { "id": "us-co-cheyenne-county", "name": "Cheyenne County", "state": "co", "type": "county" },
    { "id": "us-co-clear-creek-county", "name": "Clear Creek County", "state": "co", "type": "county" },
    { "id": "us-co-conejos-county", "name": "Conejos County", "state": "co", "type": "county" },
    { "id": "us-co-costilla-county", "name": "Costilla County", "state": "co", "type": "county" },
    { "id": "us-co-crowley-county", "name": "Crowley County", "state": "co", "type": "county" },
    { "id": "us-co-custer-county", "name": "Custer County", "state": "co", "type": "county" },
    { "id": "us-co-delta-county", "name": "Delta County", "state": "co", "type": "county" },
    { "id": "us-co-denver-county", "name": "Denver County", "state": "co", "type": "county" },
    { "id": "us-co-dolores-county", "name": "Dolores County", "state": "co", "type": "county" },
    { "id": "us-co-douglas-county", "name": "Douglas County", "state": "co", "type": "county" },
    { "id": "us-co-eagle-county", "name": "Eagle County", "state": "co", "type": "county" },
    { "id": "us-co-el-paso-county", "name": "El Paso County", "state": "co", "type": "county" },
    { "id": "us-co-elbert-county", "name": "Elbert County", "state": "co", "type": "county" },
    { "id": "us-co-fremont-county", "name": "Fremont County", "state": "co", "type": "county" },
    { "id": "us-co-garfield-county", "name": "Garfield County", "state": "co", "type": "county" },
    { "id": "us-co-gilpin-county", "name": "Gilpin County", "state": "co", "type": "county" },
    { "id": "us-co-grand-county", "name": "Grand County", "state": "co", "type": "county" },
    { "id": "us-co-gunnison-county", "name": "Gunnison County", "state": "co", "type": "county" },
    { "id": "us-co-hinsdale-county", "name": "Hinsdale County", "state": "co", "type": "county" },
    { "id": "us-co-huerfano-county", "name": "Huerfano County", "state": "co", "type": "county" },
    { "id": "us-co-jackson-county", "name": "Jackson County", "state": "co", "type": "county" },
    { "id": "us-co-jefferson-county", "name": "Jefferson County", "state": "co", "type": "county" },
    { "id": "us-co-kiowa-county", "name": "Kiowa County", "state": "co", "type": "county" },
    { "id": "us-co-kit-carson-county", "name": "Kit Carson County", "state": "co", "type": "county" },
    { "id": "us-co-la-plata-county", "name": "La Plata County", "state": "co", "type": "county" },
    { "id": "us-co-lake-county", "name": "Lake County", "state": "co", "type": "county" },
    { "id": "us-co-larimer-county", "name": "Larimer County", "state": "co", "type": "county" },
    { "id": "us-co-las-animas-county", "name": "Las Animas County", "state": "co", "type": "county" },
    { "id": "us-co-lincoln-county", "name": "Lincoln County", "state": "co", "type": "county" },
    { "id": "us-co-logan-county", "name": "Logan County", "state": "co", "type": "county" },
    { "id": "us-co-mesa-county", "name": "Mesa County", "state": "co", "type": "county" },
    { "id": "us-co-mineral-county", "name": "Mineral County", "state": "co", "type": "county" },
    { "id": "us-co-moffat-county", "name": "Moffat County", "state": "co", "type": "county" },
    { "id": "us-co-montezuma-county", "name": "Montezuma County", "state": "co", "type": "county" },
    { "id": "us-co-montrose-county", "name": "Montrose County", "state": "co", "type": "county" },
    { "id": "us-co-morgan-county", "name": "Morgan County", "state": "co", "type": "county" },
    { "id": "us-co-otero-county", "name": "Otero County", "state": "co", "type": "county" },
    { "id": "us-co-ouray-county", "name": "Ouray County", "state": "co", "type": "county" },
    { "id": "us-co-park-county", "name": "Park County", "state": "co", "type": "county" },
    { "id": "us-co-phillips-county", "name": "Phillips County", "state": "co", "type": "county" },
    { "id": "us-co-pitkin-county", "name": "Pitkin County", "state": "co", "type": "county" },
    { "id": "us-co-prowers-county", "name": "Prowers County", "state": "co", "type": "county" },
    { "id": "us-co-pueblo-county", "name": "Pueblo County", "state": "co", "type": "county" },
    { "id": "us-co-rio-blanco-county", "name": "Rio Blanco County", "state": "co", "type": "county" },
    { "id": "us-co-rio-grande-county", "name": "Rio Grande County", "state": "co", "type": "county" },
    { "id": "us-co-routt-county", "name": "Routt County", "state": "co", "type": "county" },
    { "id": "us-co-saguache-county", "name": "Saguache County", "state": "co", "type": "county" },
    { "id": "us-co-san-juan-county", "name": "San Juan County", "state": "co", "type": "county" },
    { "id": "us-co-san-miguel-county", "name": "San Miguel County", "state": "co", "type": "county" },
    { "id": "us-co-sedgwick-county", "name": "Sedgwick County", "state": "co", "type": "county" },
    { "id": "us-co-summit-county", "name": "Summit County", "state": "co", "type": "county" },
    { "id": "us-co-teller-county", "name": "Teller County", "state": "co", "type": "county" },
    { "id": "us-co-washington-county", "name": "Washington County", "state": "co", "type": "county" },
    { "id": "us-co-weld-county", "name": "Weld County", "state": "co", "type": "county" },
    { "id": "us-co-yuma-county", "name": "Yuma County", "state": "co", "type": "county" }
  ]
}