{
  "areas": [
    { "id": "us-fl-alachua-county", "name": "Alachua County", "state": "fl", "type": "county" },
    { "id": "us-fl-baker-county", "name": "Baker County", "state": "fl", "type": "county" },
    { "id": "us-fl-bay-county", "name": "Bay County", "state": "fl", "type": "county" },
    { "id": "us-fl-bradford-county", "name": "Bradford County", "state": "fl", "type": "county" },
    { "id": "us-fl-brevard-county", "name": "Brevard County", "state": "fl", "type": "county" },
    { "id": "us-fl-broward-county", "name": "Broward County", "state": "fl", "type": "county" },
    { "id": "us-fl-calhoun-county", "name": "Calhoun County", "state": "fl", "type": "county" },
    { "id": "us-fl-charlotte-county", "name": "Charlotte County", "state": "fl", "type": "county" },
    { "id": "us-fl-citrus-county", "name": "Citrus County", "state": "fl", "type": "county" },
    { "id": "us-fl-clay-county", "name": "Clay County", "state": "fl", "type": "county" },
    { "id": "us-fl-collier-county", "name": "Collier County", "state": "fl", "type": "county" },
    { "id": "us-fl-columbia-county", "name": "Columbia County", "state": "fl", "type": "county" },
    { "id": "us-fl-desoto-county", "name": "DeSoto County", "state": "fl", "type": "county" },
    { "id": "us-fl-dixie-county", "name": "Dixie County", "state": "fl", "type": "county" },
    { "id": "us-fl-duval-county", "name": "Duval County", "state": "fl", "type": "county" },
    { "id": "us-fl-escambia-county", "name": "Escambia County", "state": "fl", "type": "county" },
    { "id": "us-fl-flagler-county", "name": "Flagler County", "state": "fl", "type": "county" },
    { "id": "us-fl-franklin-county", "name": "Franklin County", "state": "fl", "type": "county" },
    { "id": "us-fl-gadsden-county", "name": "Gadsden County", "state": "fl", "type": "county" },
    { "id": "us-fl-gilchrist-county", "name": "Gilchrist County", "state": "fl", "type": "county" },
    { "id": "us-fl-glades-county", "name": "Glades County", "state": "fl", "type": "county" },
    { "id": "us-fl-gulf-county", "name": "Gulf County", "state": "fl", "type": "county" },
    { "id": "us-fl-hamilton-county", "name": "Hamilton County", "state": "fl", "type": "county" },
    { "id": "us-fl-hardee-county", "name": "Hardee County", "state": "fl", "type": "county" },
    { "id": "us-fl-hendry-county", "name": "Hendry County", "state": "fl", "type": "county" },
    { "id": "us-fl-hernando-county", "name": "Hernando County", "state": "fl", "type": "county" },
    { "id": "us-fl-highlands-county", "name": "Highlands County", "state": "fl", "type": "county" },
    { "id": "us-fl-hillsborough-county", "name": "Hillsborough County", "state": "fl", "type": "county" },
    { "id": "us-fl-holmes-county", "name": "Holmes County", "state": "fl", "type": "county" },
    { "id": "us-fl-indian-river-county", "name": "Indian River County", "state": "fl", "type": "county" },
    { "id": "us-fl-jackson-county", "name": "Jackson County", "state": "fl", "type": "county" },
    { "id": "us-fl-jefferson-county", "name": "Jefferson County", "state": "fl", "type": "county" },
    { "id": "us-fl-lafayette-county", "name": "Lafayette County", "state": "fl", "type": "county" },
    { "id": "us-fl-lake-county", "name": "Lake County", "state": "fl", "type": "county" },
    { "id": "us-fl-lee-county", "name": "Lee County", "state": "fl", "type": "county" },
    { "id": "us-fl-leon-county", "name": "Leon County", "state": "fl", "type": "county" },
    { "id": "us-fl-levy-county", "name": "Levy County", "state": "fl", "type": "county" },
    { "id": "us-fl-liberty-county", "name": "Liberty County", "state": "fl", "type": "county" },
    { "id": "us-fl-madison-county", "name": "Madison County", "state": "fl", "type": "county" },
    { "id": "us-fl-manatee-county", "name": "Manatee County", "state": "fl", "type": "county" },
    { "id": "us-fl-marion-county", "name": "Marion County", "state": "fl", "type": "county" },
    { "id": "us-fl-martin-county", "name": "Martin County", "state": "fl", "type": "county" },
    { "id": "us-fl-miami-dade-county", "name": "Miami-Dade County", "state": "fl", "type": "county" },
    { "id": "us-fl-monroe-county", "name": "Monroe County", "state": "fl", "type": "county" },
    { "id": "us-fl-nassau-county", "name": "Nassau County", "state": "fl", "type": "county" },
    { "id": "us-fl-okaloosa-county", "name": "Okaloosa County", "state": "fl", "type": "county" },
    { "id": "us-fl-okeechobee-county", "name": "Okeechobee County", "state": "fl", "type": "county" },
    { "id": "us-fl-orange-county", "name": "Orange County", "state": "fl", "type": "county" },
    { "id": "us-fl-osceola-county", "name": "Osceola County", "state": "fl", "type": "county" },
    { "id": "us-fl-palm-beach-county", "name": "Palm Beach County", "state": "fl", "type": "county" },
    { "id": "us-fl-pasco-county", "name": "Pasco County", "state": "fl", "type": "county" },
    { "id": "us-fl-pinellas-county", "name": "Pinellas County", "state": "fl", "type": "county" },
    { "id": "us-fl-polk-county", "name": "Polk County", "state": "fl", "type": "county" },
    { "id": "us-fl-putnam-county", "name": "Putnam County", "state": "fl", "type": "county" },
    { "id": "us-fl-st-johns-county", "name": "St. Johns County", "state": "fl", "type": "county" },
    { "id": "us-fl-st-lucie-county", "name": "St. Lucie County", "state": "fl", "type": "county" },
    { "id": "us-fl-santa-rosa-county", "name": "Santa Rosa County", "state": "fl", "type": "county" },
    { "id": "us-fl-sarasota-county", "name": "Sarasota County", "state": "fl", "type": "county" },
    { "id": "us-fl-seminole-county", "name": "Seminole County", "state": "fl", "type": "county" },
    { "id": "us-fl-sumter-county", "name": "Sumter County", "state": "fl", "type": "county" },
    { "id": "us-fl-suwannee-county", "name": "Suwannee County", "state": "fl", "type": "county" },
    { "id": "us-fl-taylor-county", "name": "Taylor County", "state": "fl", "type": "county" },
    { "id": "us-fl-union-county", "name": "Union County", "state": "fl", "type": "county" },
    { "id": "us-fl-volusia-county", "name": "Volusia County", "state": "fl", "type": "county" },
    { "id": "us-fl-wakulla-county", "name": "Wakulla County", "state": "fl", "type": "county" },
    { "id": "us-fl-walton-county", "name": "Walton County", "state": "fl", "type": "county" },
    { "id": "us-fl-washington-county", "name": "Washington County", "state": "fl", "type": "county" }
  ]
}